pid,label
27085,0.02749735028602387
30747,0.0344208266785688
32932,0.091257009482672
33635,0.11559335511977235
33955,0.15203112378706304
33978,0.0162486088150163
35307,0.062588874973187
35623,0.11002207796382135
36023,0.03023350600482139
36331,0.022743577581245854
37217,0.07219440932376776
37832,0.08163335776954476
38303,0.022130960994278952
38546,0.0333902047581039
38682,0.07513602659939791
38683,0.012281093262640581
38713,0.04110796439100622
38754,0.0372823908941593
38755,0.026848638481793547
38767,0.019892295224591454
38781,0.08311553523566446
38791,0.009643667942864231
38828,0.01700774690845059
38829,0.017500078738168678
38904,0.14018161125799491
38914,0.026974850435600863
38945,0.067674246237429
38948,0.02028146283749141
39002,0.030311997662063394
39010,0.1758350206795197
39011,0.05888753450023696
39014,0.010180667553356244
39015,0.036443548226964474
39038,0.04995614603385114
39085,0.01074637671893321
39106,0.1599059804965285
39110,0.10993268120698456
39113,0.2920339081245684
39116,0.042146213530102276
39147,0.32369432699862
39148,0.025725456380440655
39158,0.09836126328873766
39205,0.04069339945772207
39234,0.01591161040006216
39268,0.012286080092916872
39272,0.15456411901978492
39275,0.09159894779075838
39283,0.08723299958394272
39296,0.021276748126013868
39306,0.015247049351218933
39316,0.042550594280981485
39327,0.006900655130743768
39341,0.09970592644687863
39345,0.03708449478891716
39346,0.004376543039552937
39363,0.015079667626665934
39364,0.023504983615890727
39366,0.01625033573734016
39435,0.004641297717872024
39475,0.0621620706444074
39476,0.015139786081106096
39479,0.0425612826168751
39482,0.03052006879973569
39483,0.04445006455489723
39511,0.028290725339754855
39513,0.1251307848912492
39644,0.014960069272721177
39649,0.056200778690865816
39651,0.045422240142979416
39674,0.057606862420930424
39685,0.09964820414546174
39718,0.0399079762122759
39730,0.03776847536299064
39731,0.020350491622241534
39734,0.009588105874592792
39769,0.07742851980743343
39770,0.05433217042966799
39778,0.04460150700297161
39779,0.16825343900959822
39780,0.013991633498056624
39798,0.18837321495154274
39819,0.02703975518015941
39898,0.009377645727362568
40004,0.011534358618431946
40009,0.018331542175832344
40044,0.052790620856928844
40055,0.027174705273190776
40082,0.11113621066685431
40083,0.022047460888080062
40100,0.03314441742570125
40101,0.02077561175143023
40103,0.015455673188177825
40142,0.06713672826932533
40147,0.03688305799165929
40148,0.010001050240084608
40150,0.010812204588879977
40153,0.19955582440977457
40154,0.02871445230878208
40178,0.029610136898940084
40190,0.12077632317174501
40193,0.005510434924769144
40194,0.03350880673271172
40195,0.13422437189524827
40204,0.10152045325117404
40221,0.03338359005994892
40253,0.02954690316512114
40317,0.05154454614064917
40350,0.013275907182160354
40407,0.08186387806341831
40467,0.013713085158340597
40472,0.016248506590133854
40473,0.03149413840408024
40476,0.017393625111194144
40490,0.019841891745397917
40497,0.03976429666009937
40579,0.026103031001204303
40580,0.028984345600026294
40583,0.05199464462279431
40601,0.008558982512633118
40634,0.10874162115310344
40697,0.01574546693224222
40718,0.04038203812252698
40722,0.019795118557581096
40731,0.06581534842413256
40736,0.03080881239716378
40776,0.011002560961565355
40809,0.020510707297333362
40843,0.25257592008110685
40845,0.2126915224211464
40856,0.08904387493882349
40857,0.07206818108370548
40869,0.07024521767965938
40947,0.033303001619150556
40953,0.032917557612308995
41007,0.10181487134321375
41088,0.25114684325710346
41105,0.021815123255037747
41148,0.03283749228802434
41156,0.020275491049743615
41174,0.021370750537018344
41223,0.03397171307516127
41238,0.0763798072738688
41246,0.07915119396686851
41254,0.05142716103686627
41257,0.05966126876476972
41264,0.04171022277485432
41310,0.08755927490673546
41473,0.05754137775000869
41474,0.03371632689708135
41476,0.1940180933658783
41498,0.011377606747626938
41514,0.021600029150056755
41520,0.013024646157719508
41522,0.011374448327803212
41524,0.09911086458014433
41532,0.04968001515003233
41548,0.013481870454990023
41558,0.012363602235880115
41570,0.011687539244216623
41582,0.028042222608659382
41634,0.012614780024622033
41636,0.03914667455104105
41645,0.02142477498521995
41663,0.015511091193358252
41697,0.07522102993412842
41728,0.0595249134109317
41742,0.0332371068223375
41781,0.008631602572048468
41829,0.062319064067576486
41854,0.08150847620013826
41924,0.013014850783832852
41936,0.061623175467377486
41943,0.18639000402432715
41974,0.16189143594185879
41975,0.03050922518262853
41998,0.04908969810682794
42008,0.10211942822231083
42030,0.027143825606402237
42031,0.01786657707207483
42053,0.024921599588912616
42066,0.021633021767020772
42124,0.01524801029661917
42128,0.049184568549292845
42129,0.03788179376612187
42142,0.026902814545397936
42146,0.056523459814511935
42179,0.051643028515398356
42192,0.011669534898462897
42231,0.026612201945533587
42289,0.04620580692261274
42314,0.04619801899228585
42323,0.019716511242917036
42359,0.037043032106432325
42360,0.014519647899090774
42362,0.15068702990891478
42369,0.043242467181553966
42378,0.04261778270092356
42403,0.04082480189535509
42413,0.013078233141705196
42424,0.017410929144815877
42437,0.045893746905873764
42438,0.03950773285193361
42443,0.006034414224531512
42446,0.22316899796237133
42448,0.02868109479955863
42499,0.037695178823694414
42509,0.11151501898294285
42556,0.038965001927689494
42613,0.011806109177376206
42631,0.036274513890894394
42660,0.051368833721428524
42665,0.04186421913075641
42670,0.019089016067568944
42696,0.02478913839507527
42721,0.036813860611788866
42735,0.023069481101211403
42747,0.09378014023246459
42749,0.019758935445297585
42750,0.013657812681165468
42759,0.15315071816500317
42793,0.03812622321609329
42798,0.03408272145386955
42799,0.18141974661534485
42806,0.04730803897603709
42812,0.0389969866850021
42837,0.008363740168864781
42876,0.051770084472501136
42953,0.12840753604716626
42955,0.10987877084857012
42956,0.06829416294513899
42957,0.04233490733580035
42968,0.07819009823818147
43014,0.026020048675281474
43052,0.0564878865785426
43061,0.04383798292160933
43065,0.06172457808145822
43103,0.012630560458948246
43109,0.019950924110126618
43122,0.014257007485563473
43138,0.09332341792891691
43146,0.021597203464365538
43149,0.013029513997723806
43151,0.018829399678099993
43153,0.04853152660700822
43158,0.0762390694945628
43188,0.03491394495185678
43199,0.03980431208326174
43201,0.09812799424977951
43213,0.014419003581079318
43240,0.01961723742758502
43248,0.037859598455007006
43276,0.13272840035359168
43284,0.06711410527929636
43315,0.01664154528377524
43384,0.07604257631578472
43388,0.03965680301811865
43396,0.04317010628809032
43413,0.06641535070442922
43463,0.029579552870705045
43501,0.3255164424977724
43539,0.030561651415152928
43556,0.05962393294271729
43559,0.025494640492208565
43562,0.07725932842557956
43563,0.014502581792800421
43569,0.02068285564122872
43570,0.009394587793797956
43571,0.026575657184830015
43575,0.05596144222039419
43580,0.03667884622122343
43587,0.017621498789267966
43593,0.02861732078084598
43602,0.05938867405306529
43605,0.0773337533162715
43612,0.020141698074838083
43622,0.01714378103078937
43629,0.003914672249900333
43652,0.036759454308805645
43661,0.2200614593355174
43664,0.030746215132459592
43715,0.07014010328731443
43736,0.06296028452460779
43746,0.12356326717164191
43771,0.154125867061988
43774,0.01765982351948571
43818,0.034328542635096417
43822,0.07917281216499082
43837,0.06361796172195668
43851,0.021704760553632765
43871,0.043414405099658084
43872,0.08274983855094922
43874,0.09452656743333127
43986,0.011877599846369507
43991,0.024440694901343173
44022,0.047993324526508646
44024,0.05942987512172831
44032,0.02901131002204347
44033,0.05693269592687772
44043,0.011997093690194957
44059,0.04088040965695491
44156,0.027105514419831916
44195,0.018458718323574874
44197,0.013092981770016754
44198,0.028200676689715442
44202,0.020345962711601755
44203,0.01227542855018519
44211,0.0330299650088383
44212,0.04145049468740165
44214,0.07135771021267602
44215,0.013970005930033138
44216,0.15050018147566258
44218,0.02374160218743244
44219,0.0853038010952772
44222,0.09059550017368845
44288,0.0830837987219571
44294,0.01623102294482433
44306,0.07033022313511128
44310,0.015772542815804914
44311,0.07863196039219843
44312,0.0222938902982807
44314,0.017692788001448044
44324,0.1180896817266618
44325,0.03673972917764499
44326,0.032882506930486645
44327,0.0796469739038761
44330,0.047069701636606204
44332,0.007884264791419222
44338,0.02100051917840156
44344,0.041648240232759176
44345,0.029194756824918656
44347,0.013693159350747108
44348,0.010767906413981274
44350,0.06723664927347056
44412,0.1007469477059652
44417,0.07845271115289573
44418,0.0791906923320431
44419,0.02214898308590011
44420,0.14597138637356985
44421,0.01767867925431755
44423,0.10808897086743724
44510,0.0212078719632155
44511,0.038745414133511416
44513,0.09214107971222023
44517,0.04529889185512204
44541,0.22521566063076945
44542,0.1148312704964301
44545,0.09600131511631183
44546,0.08154279858189085
44613,0.008971207834999226
44624,0.17212345332121598
44628,0.06254463476794832
44658,0.013371812885778493
44685,0.011722096713534644
44693,0.0695459308601136
44694,0.02361975165759799
44696,0.05438919617722173
44701,0.19159098272640263
44703,0.17572149186915467
44704,0.013897410320118334
44705,0.020277418388335574
44706,0.03843804824379799
44708,0.024346976110870146
44709,0.03209563742992634
44710,0.11748000426643959
44711,0.09472095720936254
44716,0.051956409615198804
44717,0.022948412418185443
44719,0.033313085676427205
44721,0.059188764585688114
44722,0.33221281124073193
44747,0.013012311506155151
44749,0.025404370726423604
44751,0.03975781838780047
44754,0.028733977451774438
44755,0.08054179097785476
44756,0.029226425035564173
44757,0.02391084484327036
44784,0.032077836368097655
44786,0.03852060189568932
44791,0.07862002658222861
44792,0.09833175115110332
44794,0.026753177160255236
44796,0.1115282864570653
44797,0.01822376753780317
44799,0.33292717736677874
44819,0.015561356639498593
44827,0.05511668974779266
44828,0.015508464536465306
44845,0.34564106493812985
44846,0.08981538347180823
44848,0.021730111035220726
44849,0.08252232846986703
44859,0.31215756168484227
44861,0.07139414008453551
44862,0.05439708281080653
44864,0.029030594981805085
44865,0.2597633871397217
44913,0.01476536087485306
44920,0.020627941252351813
44922,0.009267336507353709
44937,0.0817255802635278
44940,0.014209948586750025
44941,0.010792434139478136
44943,0.06706845254652112
44944,0.01400805776332105
44947,0.0159660245767499
44948,0.09338641146241095
44957,0.023805223851123825
45017,0.047073324550492214
45021,0.024142248328232606
45028,0.2837205071558907
45032,0.023795609123664564
45034,0.018564755459491995
45062,0.02279686529210568
45063,0.05570920791663779
45066,0.0612759693681436
45067,0.03595422179258529
45068,0.054401580394422215
45080,0.07530703803144378
45081,0.07235315955411854
45082,0.04154201439292143
45084,0.025223991743113173
45086,0.032103560256401494
45089,0.10820378232164873
45090,0.038111016238042125
45105,0.024490634009159153
45146,0.015639223544886026
45147,0.015113953324855078
45181,0.07263265357574296
45184,0.027829770950912932
45187,0.441269464512725
45190,0.543898373345543
45227,0.006308534479431975
45232,0.012121020077313693
45240,0.018244715069283976
45251,0.010707804738505234
45252,0.1427179661561674
45253,0.02162547370610514
45254,0.04286402704054221
45262,0.07209216511910457
45264,0.05681376784104704
45266,0.01573760584976192
45267,0.013252456564481931
45268,0.019164353947971526
45272,0.027319317393787533
45279,0.0196646687800984
45286,0.020621107063499938
45289,0.01581967704714795
45304,0.028118702157651665
45305,0.03241208953454712
45309,0.06246304672786262
45310,0.04916784540579098
45311,0.050065610140468425
45312,0.022398540583740377
45314,0.18009306133511133
45343,0.02105421751131696
45345,0.014552484344640158
45347,0.00890406768047774
45352,0.10263625934538362
45354,0.043307811449665584
45359,0.023681003436359652
45389,0.046090379509622866
45394,0.2584040055981848
45452,0.01095476064570656
45455,0.03699258571309566
45459,0.007355847914042578
45461,0.007239527892062309
45463,0.023744175827173725
45472,0.03134396981224675
45475,0.030332039880706384
45476,0.014105690360444083
45477,0.013337312957339802
45478,0.0056676354275760205
45479,0.024156057652172807
45480,0.01713638106757233
45481,0.02170619201185376
45482,0.013627438725513159
45492,0.008754356883754652
45520,0.025364324276879468
45524,0.018717355696352155
45526,0.017847138116465117
45528,0.011850988379114687
45530,0.018278007908214298
45531,0.0201195238937187
45532,0.013666058397196772
45533,0.09839473992411646
45534,0.01977857337184754
45535,0.0327369084259772
45538,0.010834681914449775
45539,0.02446864866545401
45542,0.1139785514261202
45562,0.03451390543061225
45566,0.011877065715498295
45568,0.01650840778079971
45571,0.03104705388779135
45572,0.29830445781689297
45589,0.07583459935677565
45619,0.07798218720585236
45629,0.07060359939834654
45642,0.015892075797725665
45644,0.014817935802032186
45645,0.04360970060878926
45646,0.028211901333428394
45647,0.07954908500106658
45648,0.01860339594893672
45692,0.04236535835639298
45693,0.29992713872286886
45695,0.022541892400109297
45696,0.02037494064143148
45699,0.03540348222887261
45700,0.00839185395266525
45705,0.05222442353121582
45731,0.07814188087761252
45734,0.05605140277385418
45736,0.17291594690099513
45744,0.03354329908733672
45745,0.08653166675224687
45746,0.011143625926306239
45811,0.013926329480764329
45814,0.020183160592579977
45815,0.019951870850613444
45817,0.025411736530958393
45818,0.04251304934965503
45825,0.032617237812117214
45828,0.02662951068704117
45830,0.014479073925626992
45833,0.03615612542467764
45834,0.011073821799000575
45835,0.03164881266942726
45838,0.011354243497932745
45841,0.012249210412134892
45843,0.009177041629814284
45850,0.009580141877990103
45853,0.03782340807209502
45854,0.013996137194885344
45864,0.0698170755250885
45896,0.0374723803330108
45906,0.027473609759866763
45909,0.014721557518100887
45911,0.08363136518566806
45912,0.02329748987708042
45914,0.030204345302588708
45915,0.04821186142305261
45916,0.024085839974079745
45925,0.032356894697284484
45930,0.022292594633290027
45934,0.032533948373644796
45936,0.07312600195340434
45937,0.012596351919305979
45951,0.04526271836603258
45994,0.012086597930546715
46004,0.1320385641156212
46006,0.014775813596167822
46010,0.04508167324163853
46023,0.013232473888277042
46050,0.01741342769210048
46052,0.030666507127547607
46055,0.0054452315457066205
46089,0.15206118700516544
46092,0.16637913637426585
46138,0.02420933223500861
46142,0.023453891677815992
46146,0.025590578844981986
46150,0.10886451215138737
46151,0.017818058155027513
46153,0.05911870027236265
46154,0.054174195273786786
46158,0.09584351284471618
46159,0.02395859236229636
46161,0.020637637276671277
46163,0.03033386750876577
46166,0.008799652418794672
46168,0.026845312544045385
46170,0.015470681879597109
46172,0.036995074536744686
46178,0.01677412196385317
46179,0.03664262789381484
46261,0.07038311954962706
46263,0.05610178865775931
46265,0.021345990074642912
46267,0.027519672968701555
46268,0.03895546701475337
46269,0.018505631894127746
46270,0.0729341084107715
46272,0.20799792108734227
46273,0.03023787762873656
46276,0.10530405235529104
46289,0.025667177195325252
46292,0.06331637876218596
46294,0.03111103517865292
46309,0.10618780403352872
46316,0.05843117717138111
46348,0.0265419640259723
46349,0.010934997522863171
46352,0.05518215181853628
46354,0.043574586377428184
46356,0.05206634657346243
46357,0.059446736814166484
46358,0.08923678892773985
46362,0.07383290683410668
46374,0.015429474089972863
46376,0.021321453323305015
46382,0.018578450375824385
46400,0.04239785318679752
46403,0.02168319149624206
46423,0.08508478370546906
46427,0.08589595217851417
46431,0.0876958930519219
46500,0.0075208735251294685
46504,0.19374655986333206
46507,0.010467856300035
46509,0.041937704805822804
46552,0.037631386069366085
46558,0.07112233047620015
46564,0.02008846327181643
46567,0.0939586308257375
46568,0.06849363220415723
46569,0.03764689980628588
46573,0.01869236565173684
46583,0.039607729194473536
46593,0.13056537640422847
46595,0.19822406483382599
46596,0.04463885329233749
46598,0.03726940259579066
46599,0.03274099523581277
46600,0.15498051264344165
46645,0.024289938078725478
46648,0.0076283073883950964
46651,0.024647312187116233
46652,0.027455156656999484
46654,0.028389811077941664
46655,0.030454192599516337
46713,0.01909534456213518
46714,0.08265689230923762
46718,0.0913833561226228
46769,0.020937646304908065
46770,0.015545048784514898
46772,0.01020086743621207
46787,0.14207549441876507
46789,0.011652745248242762
46793,0.01805179408807619
46810,0.04487081324749435
46814,0.04778058188508525
46815,0.012884275427713577
46816,0.0238467811925533
46832,0.12327121431385657
46843,0.04302684576488186
46844,0.07637405943724247
46888,0.013533964480362374
46912,0.057832072845223355
46913,0.022522754942613233
46914,0.030399484684829156
46916,0.1007442833140217
46918,0.061286557003014525
46923,0.05548710996155353
46973,0.013221526654869298
46975,0.02964337150749069
46982,0.05248976814644457
46985,0.04375811851160022
46987,0.022304919552500826
46995,0.07214653619688764
46998,0.0385803874560295
47006,0.038666355807627575
47010,0.030624586449912432
47011,0.05170566093700877
47012,0.18205794196506664
47013,0.059667298277498504
47026,0.020249780513767655
47052,0.11722646304304077
47057,0.05061942790274667
47058,0.2349216505194983
47060,0.017741635335244834
47061,0.03844577828207239
47099,0.08507992603732531
47100,0.2778479273310612
47101,0.01642161928531015
47102,0.058388040658916125
47104,0.30582759085360633
47106,0.30512792330102734
47176,0.020850872420589035
47187,0.024098018682911112
47188,0.011203276449752454
47189,0.009354591851133012
47191,0.1292197831666735
47192,0.24971010631080048
47194,0.32635923936706174
47195,0.03521678079256721
47196,0.19348011538814905
47198,0.020484137691417388
47201,0.05552746939434245
47202,0.019676937118129758
47204,0.17673448175326906
47205,0.019701048114999918
47207,0.01622262371177651
47210,0.014090850081078762
47212,0.023896016852224485
47219,0.013883216951961349
47220,0.016144428257448707
47223,0.01628353713839652
47224,0.014922549581470957
47228,0.014051406099897565
47235,0.0678340339698895
47237,0.14466558339633365
47238,0.006102775116346302
47239,0.0326689552565163
47294,0.026107248266259014
47299,0.026421249531813254
47324,0.0318332838958439
47326,0.09691155512188368
47329,0.18256805584419822
47330,0.08112005996589232
47331,0.04375022670838499
47357,0.18445099137221757
47404,0.009670864375048868
47405,0.032455610320320176
47407,0.08006420949281332
47408,0.02159837421483889
47421,0.08216599355379896
47422,0.13936050772519196
47424,0.01492331942432729
47425,0.025842332175638805
47427,0.03860821668541439
47428,0.029819303447427063
47430,0.2857487621533627
47484,0.01441162041855579
47485,0.01467641846197478
47491,0.015703123054650346
47494,0.006801970167068822
47506,0.4046536465152956
47507,0.09179294984472242
47508,0.0382374165328116
47510,0.1968763172200192
47515,0.03311293354951591
47549,0.04086994643946881
47550,0.028993850373702945
47566,0.09639862406035475
47568,0.010303609745744378
47578,0.017432733239852165
47580,0.16816075934372748
47581,0.06732444446755127
47585,0.019442600435038898
47590,0.0371556177607071
47592,0.011333797098083288
47593,0.008946178326927677
47600,0.03135935459952858
47601,0.0635248011496052
47609,0.009287746498817426
47637,0.08572941783121978
47639,0.4250063054076712
47640,0.06747710215409773
47641,0.2948051255462626
47671,0.054909549596564335
47672,0.14806693485437328
47674,0.15804433567501708
47675,0.015589220296955348
47676,0.016783436841567
47678,0.012231619499642979
47679,0.03553197804510436
47689,0.09064807637024212
47690,0.018855694386824027
47751,0.012694453407370417
47769,0.019306113488996926
47771,0.009301320392574947
47772,0.017681106557994715
47773,0.03767641997052752
47774,0.09879771912961416
47778,0.05171621605420179
47780,0.018558145077369897
47781,0.02538869112361962
47782,0.053639592141532834
47827,0.021350021053814436
47843,0.03527038589500395
47889,0.01371708199103544
47891,0.05387291764295409
47892,0.022385688204240067
47898,0.10270085865730375
47899,0.03444249921471182
47901,0.019747940833551143
47902,0.09543550122605764
47904,0.07124966957239383
47905,0.007498102856360291
47909,0.292641708054881
47911,0.013382476078720467
47913,0.010334141137512418
47914,0.07795629711242767
47918,0.2878578415382836
47972,0.0659979170952555
47974,0.062334189692725174
47976,0.025107342251872666
47979,0.039837011893449396
47980,0.048756725102821835
47984,0.05352563577061054
47996,0.28387901630713913
47997,0.19593750508068314
47998,0.1849585355555324
47999,0.03319241121634977
48002,0.018907547543446247
48003,0.007481319212933185
48004,0.03470312869872783
48032,0.04242079425376126
48036,0.02740344042344969
48044,0.02714943008729956
48051,0.013181270247421127
48075,0.13843456947899072
48080,0.09461541910580108
48083,0.019252992216423997
48087,0.04773454733244974
48088,0.05277260371187152
48091,0.03185626838368025
48097,0.15299820351825544
48098,0.02899276692108258
48099,0.023392829015173165
48114,0.04098196168952859
48120,0.08466961949405255
48123,0.15670036341186203
48125,0.028612374111681074
48145,0.09093400261593736
48147,0.026320115185341306
48150,0.01434966132859963
48153,0.012281854503376974
48159,0.013636967836475939
48164,0.012112121827475888
48168,0.017689045891926
48170,0.10097893979810398
48171,0.05811075637008618
48176,0.02392534321611056
48177,0.20738035162502183
48178,0.01722837453861773
48179,0.03131656685783534
48182,0.03659362618857364
48183,0.07142886090001246
48184,0.034065635174693104
48186,0.06821097652220354
48187,0.13401726420541588
48212,0.07986247286046239
48215,0.29119656777392994
48217,0.03951102406459681
48218,0.13426671733534926
48219,0.29063132298377065
48260,0.043346976252054505
48263,0.06026870718946694
48280,0.01120162810238428
48285,0.02099423432100819
48287,0.024171774739964298
48289,0.019244956167652177
48295,0.06007461869873312
48297,0.021582306526676608
48298,0.04761348300377773
48318,0.07959045899014683
48368,0.3046738427317303
48372,0.2516641825277583
48376,0.02682066722912661
48377,0.016904546015962845
48379,0.05216569857778803
48402,0.0165592201462845
48427,0.22375433789383162
48432,0.07873672555800301
48433,0.2948594277196939
48434,0.15570599562883725
48446,0.016731631786193808
48454,0.07293791489219072
48475,0.028947512563907013
48486,0.016416169824257247
48489,0.11506226633701072
48492,0.049969889740426515
48494,0.07849213658550276
48495,0.02092168555244591
48510,0.023639818101038067
48515,0.07625032157286322
48517,0.042198375069677926
48524,0.09572398162917402
48538,0.039627778576304486
48571,0.011661160886183774
48575,0.01760147410264701
48576,0.02116084391532973
48580,0.02062833394701011
48597,0.0070889404203751645
48612,0.013905373084794259
48616,0.013598619637442497
48618,0.09512187178553973
48619,0.02666995157702787
48621,0.025893324844005444
48658,0.008515711244623584
48685,0.0035985452662127557
48728,0.3338451667644192
48732,0.15512845939655934
48738,0.011897894541740707
48741,0.041495420493456225
48742,0.015361035808397703
48743,0.07051318047805412
48748,0.047663070271327504
48762,0.03837518748023212
48763,0.13409408991889518
48778,0.038260040813696404
48780,0.004523040820279701
48787,0.033428784947415996
48809,0.027594856076291335
48812,0.04435845866954428
48815,0.03737526074159001
48816,0.06832749307209461
48817,0.08672853043604961
48819,0.1778018390444888
48821,0.14054769733890843
48824,0.057244195408620045
48832,0.01508745935333607
48838,0.07979124184308707
48839,0.011174840340588023
48845,0.026238659528689066
48846,0.017257516524503035
48904,0.03527842608044783
48911,0.018327705408866152
48912,0.008660882599682895
48914,0.01867993186181287
48917,0.09260457343862703
48918,0.015079467846748445
48923,0.24718750185831018
48924,0.06076363108625048
48926,0.038108332307783065
48927,0.10496965955423031
48929,0.04113613235434646
48952,0.03683568962286001
48953,0.020190597349472626
48954,0.11852215488091752
48955,0.23073131895495466
48956,0.032385201694193344
48957,0.048842483559360904
48967,0.01505397835831332
49007,0.018097099159473728
49010,0.05673168191140837
49012,0.023489542355849085
49014,0.04471502100595243
49015,0.026658791219658074
49016,0.014347346728775384
49019,0.09100282431904101
49024,0.012004638039107476
49025,0.011592019976253573
49028,0.021210251489598327
49036,0.009991711523489571
49037,0.02467461720313962
49039,0.026684818888134492
49040,0.03045568911975942
49044,0.017523671842209623
49147,0.02693425343208837
49178,0.020059180123548546
49181,0.138858382069067
49182,0.037210571580868976
49183,0.01923436689238632
49184,0.1398582091417823
49186,0.0890421732677687
49188,0.059261572069675104
49192,0.05557072166198468
49193,0.016091003668292823
49194,0.04076966097183845
49216,0.16127362813582302
49218,0.01932708968918809
49236,0.02532119325757975
49244,0.013650099679380127
49245,0.02799431713317111
49246,0.03316942928278881
49250,0.010056124758854642
49262,0.017220259675006212
49265,0.019902014458259062
49267,0.01570378515376715
49268,0.05161016948324565
49270,0.02984071327298525
49271,0.014513648114465828
49273,0.12180755999608027
49276,0.04747126679685712
49277,0.05593133950903576
49278,0.016074202065084624
49279,0.10109801531500104
49281,0.12158771047038605
49287,0.012227750711008224
49373,0.08786925980512203
49374,0.03962426555052072
49375,0.012512037383623513
49376,0.03491781746561432
49378,0.013266081370843926
49379,0.17358027158047074
49404,0.1211913160079931
49405,0.05436080573678429
49446,0.011293294637603686
49449,0.06632518939117481
49450,0.012688137475497683
49451,0.0225657717068937
49452,0.04059373342073982
49454,0.0410251480640843
49455,0.023794358968423458
49466,0.008649924040584374
49469,0.04533173695714656
49473,0.00903712910122782
49474,0.033974876162722996
49475,0.015582630476864527
49476,0.031243878959165916
49477,0.023063297342247414
49478,0.07318446045674504
49480,0.06277211940927938
49481,0.05129288669693272
49482,0.06176581198291284
49484,0.0410264376371793
49511,0.01842896732773528
49529,0.05395382766655487
49540,0.04430999658795912
49544,0.057377014708448394
49545,0.0981734036238508
49546,0.02328656843844774
49547,0.013122702085073518
49548,0.03374755587049596
49558,0.020743981938452647
49587,0.014449524546276555
49588,0.017157187370807892
49591,0.2900883637262776
49641,0.04263824021565785
49644,0.011449924745126908
49654,0.015922906969467854
49670,0.0318725604403639
49674,0.020385960932739488
49675,0.012749353321192682
49676,0.015877373851962716
49679,0.02308348078629268
49686,0.12157294376149179
50173,0.057742738743765565
50178,0.02423012873048741
50179,0.028956229077236745
50182,0.09287661027926712
50187,0.2477260850043559
50189,0.04875137332009474
50190,0.017539675080550154
50191,0.05060451785993869
50192,0.04410925546209353
50194,0.03414450161540593
50195,0.01311906701221877
50199,0.027882353944407075
50200,0.02870561524524695
50201,0.019694946796938444
50205,0.017691723777632014
50206,0.01521421437225428
50207,0.021402834344179764
50208,0.010133357817541076
50211,0.04525169561387699
50212,0.010815452369759957
50217,0.020406199525173363
50220,0.05205493034034649
50225,0.228879471259936
50226,0.03853382290434074
50227,0.03312627533545771
50228,0.01921559697622972
50229,0.014659581696288788
50230,0.014589054359075362
50232,0.02501415209317466
50233,0.017650033749935044
50234,0.17901929592470564
50235,0.048171271937261395
50237,0.23095629168459397
50239,0.11937279370043503
50242,0.01230255899122062
50244,0.030885038915714657
50245,0.012871620304531966
50247,0.012497129523258379
50248,0.031722795381813475
50249,0.01526987761130375
50250,0.019708034933916648
50252,0.016779809922580415
50253,0.19887885794552043
50254,0.03941305557153279
50259,0.0393622689212706
50264,0.03021225729267466
50266,0.01742881033332833
50267,0.023140619078768417
50270,0.009419129799005714
50274,0.02423898615306852
50276,0.08419076495013267
50277,0.07566268102443353
50286,0.012660472271693875
50288,0.03384132707621331
50290,0.04078406475002997
50296,0.03253292501724386
50303,0.03335595546575675
50307,0.012752299495899691
50312,0.054046601644520076
50313,0.015724819007770622
50316,0.019003386753863337
50318,0.013605326551870175
50319,0.02145932542702072
50320,0.015009706236794729
50324,0.13436819089196433
50325,0.056960494576406
50326,0.060071132341129777
50327,0.018102397161879415
50334,0.017259595623796625
50339,0.03457127909103825
50342,0.013713995265050407
50343,0.22804642662834163
50344,0.1455126553315912
50352,0.05086744141779773
50353,0.008352165887144847
50355,0.073155850919192
50358,0.18617977071819403
50366,0.17573696786597978
50367,0.006421417562764326
50368,0.010546892677160698
50371,0.014476150557183159
50372,0.016431008411906117
50373,0.1826716069642825
50374,0.12925223411896314
50375,0.014288367369519281
50377,0.09184095067748152
50379,0.10945028112166293
50382,0.016605533970014772
50388,0.04275872795494566
50390,0.025150866936503247
50396,0.14539051754758223
50399,0.046327079541294586
50400,0.02026987127548766
50402,0.013265660079316656
50409,0.04218823575007942
50412,0.06705200656515657
50413,0.03348889036118557
50414,0.017508022863166665
50416,0.07783230778310635
50417,0.009825945379075501
50422,0.14909225498921105
50423,0.019780377449633447
50425,0.034315759019475534
50427,0.024106188538755808
50428,0.03143264214709169
50433,0.027738403820043275
50434,0.04351511824269316
50436,0.026710192019766422
50437,0.021772617953876788
50440,0.02718337725240752
50442,0.021908007231465094
50445,0.060119224519667155
50446,0.01455645361890004
50447,0.022114138436439466
50448,0.02828358988333179
50451,0.04874832520188266
50452,0.028258275682214645
50453,0.05687777281712039
50455,0.04094159723035884
50459,0.4061273846151328
50462,0.03191313509058547
50465,0.13355102534030416
50466,0.03865483951173221
50468,0.07245666439582248
50470,0.17615003239955151
50473,0.017043319890791702
50474,0.09220334381136369
50475,0.04657466161308623
50476,0.05998020838045568
50479,0.010099494348409314
50481,0.038178720601756914
50483,0.06234179777476936
50484,0.20373263663258506
50485,0.022719308725639376
50487,0.015680362093414734
50489,0.020130220287431156
50494,0.026064260502205432
50495,0.06185421761759554
50497,0.026990420079625155
50498,0.32077741828847944
50500,0.020046169897751955
50501,0.008901129404212312
50505,0.01931748162523569
50507,0.02448003933229211
50509,0.007806553616066098
50510,0.012403268546306261
50511,0.17164083072088937
50512,0.12921932007937792
50513,0.015033151090365625
50515,0.05457616251078051
50518,0.028538271490627112
50520,0.12550873316657843
50521,0.04977557389184181
50522,0.033708983493786586
50526,0.04262836224091927
50529,0.013447457282380391
50530,0.04924313591563085
50534,0.03371151011827877
50538,0.0756848872107542
50540,0.031117572224096297
50543,0.014636817520707843
50550,0.030410537022362974
50552,0.03188573137038048
50553,0.0684779623526978
50557,0.1605605334008851
50560,0.055543650803118426
50566,0.16887171577329682
50567,0.0469733192964843
50571,0.15384063272858142
50572,0.14301240183686567
50573,0.04026082313192622
50576,0.013131847046329937
50577,0.0673733190244806
50580,0.0191144418451298
50581,0.014667021266961108
50584,0.025085790103755556
50585,0.018753647714297505
50586,0.09855299569846465
50587,0.02810227697781684
50588,0.06057542634631107
50589,0.23551241988355076
50590,0.051910798787985074
50593,0.1188588722918217
50595,0.02063552307276238
50596,0.12128494681493011
50597,0.1963122351447647
50598,0.012557147367539455
50600,0.01545493667941395
50605,0.32372256085517115
50609,0.21157540457419777
50611,0.01838076852997509
50613,0.019358854626120955
50614,0.08243988784184668
50616,0.041691661392957886
50617,0.06943509985646357
50619,0.039724816924341544
50621,0.015258289776250232
50623,0.02406729556264754
50624,0.028295911966599724
50626,0.00928694874266167
50631,0.08698623191697881
50632,0.016551375754666694
50633,0.016821582121620077
50639,0.08854662921477245
50642,0.006727207086455198
50646,0.028868143721083636
50648,0.0353826902606331
50655,0.030962257263059234
50656,0.019833462730188857
50657,0.06702969969089582
50660,0.026388973298814067
50661,0.013767914903665988
50663,0.17069728124099556
50664,0.03128810308201073
50671,0.03286043691151208
50673,0.01420890106763345
50677,0.062542684381487
50679,0.01572980592633603
50680,0.02271755745910366
50682,0.0808171166131789
50683,0.04429983594257924
50684,0.01274179810528352
50685,0.152012933854578
50686,0.04942836093507288
50689,0.09416009032148676
50692,0.011636917585480015
50700,0.025841378370522212
50702,0.04792818827565671
50704,0.34531714070104164
50705,0.01789839337166329
50709,0.04174497817147298
50718,0.0606291022273651
50719,0.07678307495695699
50722,0.018088136771752736
50723,0.08321637676284038
50724,0.019290268545363882
50727,0.02311149476731846
50728,0.012002945410515851
50729,0.09629560034594382
50733,0.02499662627294912
50748,0.0501831682482782
50749,0.07866869178257857
50753,0.012897060059306189
50754,0.08022435337081983
50763,0.014235799054252743
50765,0.21153729070095859
50768,0.11832778850233583
50770,0.04530007492603291
50773,0.037082964951393516
50779,0.06698470365095102
50780,0.0365109093374929
50781,0.01023983288124888
50783,0.027564290262712902
50784,0.015177500817084032
50786,0.010675582558455174
50788,0.01761094117656368
50794,0.14101051356859123
50795,0.046329384831122096
50796,0.0319130466304597
50798,0.09212151848714926
50799,0.03899316073517948
50801,0.0600413849885533
50803,0.013339320255633304
50804,0.01941640167480802
50808,0.021120721906187658
50812,0.017809121232568344
50813,0.03768901071014273
50815,0.012646287864043801
50816,0.020978668513098934
50817,0.03769516254946873
50818,0.27759775860516184
50821,0.03357638686760231
50823,0.06689238649266042
50825,0.023048739007038303
50827,0.034473742605080494
50829,0.013669775071604034
50830,0.056382983036900834
50831,0.026546534332586542
50833,0.010934723825388227
50834,0.021722655521407768
50836,0.0618906958875706
50838,0.013202086948076754
50839,0.010766236563302735
50843,0.048732596981178614
50852,0.015339821347497458
50855,0.04079185417635795
50860,0.25290649416722805
50866,0.008676046228353627
50869,0.20598173164781328
50871,0.021674536988989537
50873,0.2819967617748332
50875,0.041076684229392466
50879,0.0429256408975224
50880,0.0220928867932585
50885,0.03385132882559611
50886,0.09009794551180772
50888,0.007367587479364438
50890,0.013912618071022884
50891,0.017001082166637777
50893,0.02876796645557203
50897,0.024452921379934336
50899,0.06449121096917472
50900,0.011996903713783084
50901,0.021372189025454166
50902,0.015282813227430778
50904,0.0448320172917388
50905,0.01755692684678008
50906,0.053888963703711996
50907,0.07563480037121398
50908,0.03941397311685815
50911,0.04366174894147386
50913,0.09959692046325302
50917,0.025036257440685262
50918,0.08693831049147804
50923,0.01768725812468977
50924,0.1297389588291509
50925,0.03829554915261934
50928,0.015219158815509665
50933,0.2640363226170652
50934,0.07133186305153062
50935,0.029081767897835235
50937,0.19956683504694114
50938,0.022543475106057163
50940,0.016755693451835755
50943,0.03294748932295634
50944,0.014627311335264072
50945,0.03404726325564041
50946,0.045935503112604005
50948,0.3506590355547668
50956,0.005222116447124704
50957,0.04394891665699697
50960,0.018371238055898267
50966,0.01620609207251718
50970,0.06668477632298783
50980,0.04120870939147216
50987,0.0379035248778643
50988,0.030559976752100693
50989,0.06347056895328132
50990,0.00803884676193172
50991,0.03662195378739009
50992,0.011367875463249995
50993,0.019764340339754466
50994,0.08336280147503236
51000,0.026283535309450164
51002,0.06850903207835589
51003,0.04228116118125529
51012,0.09821386463917343
51021,0.054294374149535876
51022,0.08623267903399816
51023,0.014869251142998923
51024,0.023048109578281538
51031,0.02280869072844893
51033,0.09836820727388106
51035,0.030368794023577714
51036,0.0050085872561729744
51039,0.07338173858601633
51041,0.07081493978739119
51042,0.1432338074867062
51043,0.009918453538612816
51044,0.0522670148762304
51047,0.03463272465566208
51048,0.03710660996604097
51050,0.32217268756010636
51053,0.03902323752390809
51054,0.3724807586458896
51056,0.03061977323106635
51058,0.03479042389370594
51061,0.045905919450795425
51063,0.046144659026516384
51065,0.012526454978279885
51067,0.08901386330245882
51069,0.0767827913339293
51070,0.010910694502490725
51072,0.032129104466643986
51075,0.190849771781037
51076,0.11890389718728242
51078,0.05462062611478142
51081,0.04033763864796688
51091,0.021039722746165543
51093,0.17683749079265604
51094,0.009465410020408472
51096,0.08651014674582957
51102,0.012301545506883942
51103,0.014805040314451678
51106,0.029133719609127123
51107,0.0859938617460085
51111,0.045125173634402375
51114,0.05584801318423992
51115,0.2148091277154894
51116,0.017189894955457016
51118,0.01870723992544464
51123,0.016667883726203526
51125,0.07796414604021341
51127,0.013023206659695091
51132,0.006783857500874081
51135,0.013936817001501855
51138,0.01716361087708463
51144,0.022228923409728193
51149,0.01315486341357448
51152,0.025536555846879375
51154,0.20039398450350612
51155,0.0647166506611488
51157,0.015185479987558304
51158,0.025619225387373108
51161,0.01776773791587989
51165,0.05871880986473703
51170,0.040913786865360194
51179,0.031361954219251954
51180,0.17381079537857336
51183,0.010419936214702592
51187,0.2164763621188912
51190,0.024860633437544757
51192,0.01724611807259009
51193,0.16309189282540876
51198,0.01979681256429132
51201,0.02471688039603651
51202,0.05206996841162917
51205,0.012675018003707012
51211,0.03215559878844442
51212,0.02975760049489435
51217,0.04429168433516606
51219,0.025671483987273865
51220,0.05836904903774229
51221,0.014004084286863417
51225,0.078456810859153
51227,0.015372625782759662
51230,0.028068622412150013
51231,0.08201768691135809
51234,0.042459167287751974
51237,0.21180809767394815
51238,0.021689713750201737
51239,0.040063564691309755
51242,0.027018953448640626
51244,0.06546252276470617
51247,0.01847644360084099
51248,0.027330363875114626
51253,0.015054349452691414
51254,0.050573565666052554
51255,0.022052360980632013
51256,0.01223025496963059
51262,0.03694505538690471
51265,0.01764181332846397
51272,0.1736902404296102
51273,0.011576119559727295
51275,0.015822753730965068
51278,0.014088283886690211
51279,0.016331386520039896
51282,0.019670463391851536
51285,0.040191274827555974
51288,0.02022862803333895
51291,0.029949268756407695
51293,0.02756524683610602
51296,0.1616382961203737
51298,0.2162125286722878
51301,0.28473739591728864
51303,0.03124843635866324
51304,0.033580636034052556
51306,0.013303735613786371
51307,0.01867983093297608
51314,0.08058261211994565
51315,0.01001191328123158
51319,0.02567094208342947
51323,0.012596077839628518
51327,0.050297861085361426
51329,0.0314488015494757
51331,0.010323172018964752
51333,0.01985502518197335
51336,0.023886668247110544
51342,0.0663008676231126
51344,0.015882431015821496
51348,0.34083366310940694
51350,0.21688624573567686
51352,0.04378470234688379
51354,0.017968781350089134
51355,0.1561506618218746
51357,0.020508016496626053
51360,0.07413462094093826
51361,0.024919666059126645
51362,0.12854920893392804
51363,0.28624625746466303
51364,0.02973254768815947
51366,0.04193473474241712
51367,0.33957726341010525
51372,0.024411266474955878
51373,0.18308211618554435
51378,0.05182021500348468
51380,0.008738055926557728
51385,0.01069800046995143
51387,0.08665231250187351
51389,0.05553900393709836
51390,0.26318114166021433
51391,0.17388097048728698
51394,0.034492983717265814
51400,0.03218151032611234
51402,0.030807006326583206
51405,0.022109860890633597
51411,0.015557995278700124
51413,0.017944518219706385
51425,0.04769230525106858
51427,0.016004724805537954
51433,0.02706781294625179
51434,0.013187361901539709
51437,0.02816393576314435
51438,0.06503866213918795
51440,0.015713222656634003
51443,0.10004254905965088
51446,0.20755566141982865
51448,0.01952305283195495
51449,0.033971407565035014
51450,0.039009493510970966
51451,0.1784893473361089
51453,0.023426042162142554
51459,0.02236156362658398
51460,0.025503709027489888
51461,0.025643765092120158
51462,0.23664099045672118
51463,0.01034711933039585
51465,0.011861481936982464
51466,0.04405778958991983
51474,0.05063448766636854
51475,0.04552824290335281
51477,0.01665239114711107
51478,0.03983926019783647
51481,0.11480904403687466
51482,0.02630251462534646
51483,0.0395916999315326
51488,0.019363601942516923
51493,0.039941595653682035
51496,0.1566249712863366
51497,0.050115095185226666
51500,0.01260592452371898
51503,0.024478569114718626
51504,0.04272966667176999
51506,0.0548175686832596
51508,0.011077127999128087
51519,0.072348692119798
51524,0.03133042785831304
51529,0.01601973573626538
51532,0.14853201473877636
51533,0.022060500645135563
51534,0.0414435610878314
51537,0.02991015351379517
51540,0.008462541479489584
51543,0.03161306893045073
51545,0.02481248795953122
51547,0.02465321936680072
51549,0.020506109865954584
51550,0.0397599296651707
51556,0.019095562735708133
51562,0.025294506430700196
51591,0.11713448966357261
51592,0.1510066747592477
51593,0.1786133066430981
51594,0.013672785848172511
51595,0.4454872440345108
51618,0.045430805336467366
51619,0.012297018148040602
51620,0.017816819348295262
51621,0.011864572542979207
51625,0.03374138891416293
51626,0.054700047841370225
51630,0.02523675423251976
51635,0.13076976508068566
51639,0.15892989933614118
51671,0.014568445128823123
51672,0.1365483307992537
51673,0.1081426169147823
51674,0.04266542122864839
51679,0.01400880640841252
51687,0.05743777076878307
51708,0.13739551152349455
51728,0.363976366872773
51734,0.011282996688841281
51738,0.017005892614536035
51748,0.03842020671005469
51753,0.4849322342176916
51755,0.05520632835988142
51761,0.04361854659979683
51766,0.2506207727346145
51777,0.0285487620278385
51784,0.023740408729252996
51786,0.051899575533298534
51787,0.05397829002451188
51792,0.06257204154898866
51802,0.04029491660847553
51809,0.035314652774149906
51811,0.0257845105631388
51818,0.011623231194755598
51819,0.028326919669494202
51830,0.012263158520324788
51835,0.04804475784300181
51843,0.015413413909328575
51845,0.11329196083867787
51846,0.018955230474307867
51855,0.1629088919658621
51858,0.016659274137190146
51863,0.013618247107793292
51866,0.006712742222969513
51867,0.041683488684616944
51869,0.028027988824913856
51876,0.04267663307885158
51883,0.05845848438789358
51888,0.03290486213198984
51889,0.1726572790836379
51891,0.03270442411178438
51892,0.01455405206417974
51894,0.012608932162479639
51895,0.02123578484443318
51896,0.014877171792092038
51899,0.035478930071108104
51925,0.07874295809259486
51929,0.06226177889226268
51930,0.01458549468495332
51931,0.08489612256182448
51932,0.08256243384339168
51933,0.15830934928906606
51934,0.025562903224916247
51938,0.021445138201522374
51950,0.022420064780035928
51953,0.010323415180447767
51954,0.045467598287598304
51956,0.16876865073114167
51959,0.008216738988895776
51990,0.2323102182066725
51991,0.10462960568130834
51999,0.06903872320996476
52003,0.019180440175595812
52006,0.01817376669770716
52013,0.05044827263828168
52022,0.018725962768084102
52023,0.10953099618871295
52025,0.04969921243811504
52028,0.037558154819197304
52030,0.25287806137859825
52038,0.010330475355733663
52058,0.024498792021521804
52059,0.03567327432353642
52063,0.3055518121843813
52082,0.16802852996871953
52084,0.24744739073620195
52087,0.043554610837959556
52088,0.12854946143570276
52089,0.021798691931906367
52090,0.03615086810579494
52096,0.02030652095926505
52099,0.012197267523346931
52110,0.06559194581216994
52115,0.012169757930042479
52116,0.02945571610857877
52117,0.10616170353908298
52120,0.012210073858938108
52141,0.15309044357810397
52145,0.1411234546507183
52146,0.05215713890816912
52149,0.0034830498520603084
52160,0.028056527537281193
52167,0.024723405154860212
52170,0.02801326907650681
52185,0.022642921662223
52188,0.02521763458407171
52195,0.04579897293860555
52202,0.0199791015215875
52208,0.01751595169516017
52209,0.013264550951851152
52213,0.014001498786479744
52215,0.012064943251198036
52216,0.0056187087974205185
52218,0.01198282827082211
52220,0.08996687550500793
52230,0.038011134613776726
52239,0.006278458477927918
52240,0.022209899090051402
52247,0.012810010357037938
52248,0.042919459438757725
52252,0.01912810485554393
52255,0.06528681287013612
52257,0.020942577372465965
52258,0.15475409524535844
52259,0.047209500877566035
52261,0.05769138457153275
52265,0.01762158575068865
52266,0.042974915978553754
52268,0.08942768859571257
52269,0.03238654424520285
52273,0.011101907337988421
52275,0.050088461090739944
52276,0.05468881600451605
52279,0.024736630981158584
52281,0.05469312787870992
52282,0.14547647866881322
52286,0.0988547309128411
52288,0.07660488868933794
52289,0.026982301450680497
52290,0.07951955474831345
52293,0.010559094468604582
52294,0.07720546925416455
52298,0.011614352610414921
52307,0.018663089629207177
52308,0.007487485397475735
52312,0.009246918590927238
52315,0.012120611807299151
52318,0.01712695547367896
52319,0.060982478125269725
52321,0.10918733020842124
52325,0.04758689874249407
52328,0.05399982789576801
52330,0.04602733719754299
52333,0.023719744105600328
52335,0.046988138590215174
52336,0.010627371997660453
52341,0.01795522937650317
52343,0.03492695529015495
52353,0.025321547501459367
52356,0.06512283012614735
52357,0.06697953773342717
52359,0.03395464491183989
52371,0.043368034938971366
52374,0.02954772697261094
52376,0.11539210283039418
52382,0.023405157050790243
52384,0.017290479347748012
52386,0.00950626022891523
52389,0.031970912667891774
52391,0.018298933316527093
52394,0.018497966676227405
52406,0.008441997303913542
52407,0.009579831527259037
52412,0.023356977340211936
52423,0.020844397203043135
52436,0.05239312002885976
52444,0.19422751351222772
52458,0.03997573212405274
52461,0.010048872283585147
52462,0.015420741313883095
65428,0.04645472465593116
65429,0.030338492835146072
65431,0.02157684927695584
65432,0.011213984856566822
65433,0.028563801248481267
65435,0.010652506417061827
65436,0.19234059096275924
65437,0.01185921631281485
65438,0.01637371081370802
65439,0.016074408728704862
65440,0.07595068925404458
65441,0.024450358123617084
65442,0.03752923231959816
65444,0.022512043863651153
65448,0.023418957658790436
65450,0.15054471766919764
65451,0.0978653456972871
65453,0.0345965004933105
65454,0.028981212525419936
65455,0.021466772185085886
65456,0.12060745671236875
65457,0.09593987225597873
65459,0.21229973789606738
65461,0.061057232357036216
65462,0.06507501043460227
65463,0.04131168969266068
65464,0.03364060063010515
65465,0.033659960279453276
65466,0.03780155772913106
65468,0.01543044493181539
65471,0.010302452581219179
65472,0.017962245425456776
65474,0.027761908525535187
65475,0.025516396593403243
65476,0.022205883015306814
65478,0.013474878402940035
65479,0.0940780112145132
65480,0.09196485318541167
65481,0.07334572439828596
65483,0.10387478048450838
65484,0.3244703849384974
65486,0.03518018810433357
65487,0.03929956010611275
65488,0.010516813959419724
65492,0.2523299788853183
65493,0.1175192321039524
65494,0.027123634953682006
65496,0.09088382328425985
65497,0.23821972904085198
65500,0.18900954291110583
65501,0.2181483645028747
65502,0.0594904060273259
65504,0.03346919407473777
65505,0.017032213784392163
65506,0.09392570305845371
65507,0.049370189068277184
65508,0.020056813377264487
65509,0.02521943045906083
65510,0.017455902419962557
65511,0.008218987583162857
65512,0.016739962271858245
65513,0.023271608343922466
65514,0.07985026908244465
65517,0.12449308592688028
65518,0.04958267503316815
65519,0.09400695691517785
65520,0.019098253658612018
65521,0.013783152858839286
65528,0.026082413166686386
65529,0.07398700640749156
65531,0.11106412079362563
65532,0.03372374717362647
65533,0.004902088737149643
65534,0.04820618473226812
65535,0.008752170215660849
65536,0.039080617163085765
65538,0.009353878320419534
65539,0.019136196194858988
65540,0.013326241085107231
65541,0.06584025026015515
65542,0.028515741751685416
65543,0.05564147445358034
65546,0.02319167423043708
65547,0.09771823382373379
65551,0.019623078783081546
65552,0.011932855258852388
65557,0.02021270797971868
65558,0.008677999029401657
65559,0.010966620679220796
65560,0.03049366571962409
65563,0.19762232345269262
65564,0.035872249688024396
65565,0.1028102815439562
65567,0.011883462098393005
65568,0.011564501119840434
65570,0.06036705933575536
65571,0.018229403742690567
65573,0.05432281091782874
65577,0.017661727283683423
65578,0.30831399720932173
65579,0.5219755476575904
65580,0.36646148140868373
65581,0.0286012747215946
65583,0.35134580408641125
65584,0.07782005651753786
65586,0.14827689137925137
65588,0.010475100476806685
65589,0.21108173259521196
65590,0.038641115879676426
65591,0.016475860246901432
65592,0.01773330985742321
65593,0.02741772390207537
65595,0.02633084654899782
65596,0.09023714588375288
65597,0.016035780183376164
65600,0.028042293562224613
65601,0.011524916170559153
65602,0.02415956879261768
65603,0.018752337302564308
65604,0.01672826430966235
65605,0.02935923500651081
65607,0.0062999353444201074
65609,0.023650095341564023
65610,0.10237768363498162
65612,0.024334410294759617
65613,0.010594265665885548
65614,0.02796934316190529
65615,0.0115530522412488
65621,0.010879573919478535
65622,0.020063525138374783
65623,0.023053094311094424
65625,0.03805056309521207
65626,0.04561517729695508
65628,0.09953017264774519
65629,0.026352700115101706
65632,0.01946007151622944
65633,0.13356583760224233
65635,0.04067113446922457
65636,0.0782983022845008
65637,0.016870631705114898
65638,0.024562655404121864
65640,0.02361798738417419
65642,0.012890358753012752
65645,0.02808391821166545
65646,0.014075945120420931
65649,0.0457721863464024
65650,0.0238408679024841
65652,0.019974401137084
65653,0.037327698663514854
65654,0.06952456328479316
65655,0.19380583763952997
65656,0.01529028454455246
65657,0.01564408561358853
65658,0.10654537122124233
65659,0.04433209260376299
65662,0.05585671848885668
65663,0.2486915476235568
65664,0.027189255582153384
65667,0.022748265687833415
65668,0.03806933851007419
65669,0.09043444787621896
65670,0.06259628195847447
65671,0.015149762132461341
65672,0.015148281542185666
65674,0.08099590769611872
65675,0.10015623739496055
65677,0.011761070562320813
65679,0.13058395915659962
65681,0.01868205603452081
65682,0.020932532258007733
65683,0.03586337032762658
65685,0.03448486662801275
65687,0.012441528197909559
65691,0.016741047835664487
65692,0.34431944471250464
65693,0.026036849538998
65694,0.015562857568821347
65695,0.012303415815989413
65696,0.014843780879799838
65697,0.02704819043460811
65698,0.009537648793011257
65699,0.024779362813895006
65700,0.13335078091787314
65701,0.13623427524327356
65702,0.011630077187904195
65703,0.01918683351216386
65705,0.025098767736090825
65706,0.01632676920318675
65707,0.0176551325354724
65708,0.01945502014276881
65710,0.027593442958045607
65711,0.041821171766769784
65712,0.015383962380956748
65713,0.019045528478335155
65714,0.19536236415761493
65716,0.040372774773960445
65718,0.057221297343445984
65719,0.023333330501815484
65720,0.17728831125013517
65721,0.02038748938049325
65724,0.03161661723069977
65726,0.19281129047746126
65727,0.1377949919924518
65728,0.1288594538194922
65730,0.010922253354964525
65732,0.01884684762379341
65733,0.03783562088627099
65734,0.025632962463205157
65736,0.06897115228635903
65737,0.015804220878051903
65739,0.02181093949807974
65740,0.01671356442608929
65741,0.0249073892391376
65742,0.026662493057553503
65743,0.11322190997128456
65744,0.08011218134847622
65745,0.15621435968095498
65746,0.0066749970609990775
65747,0.00872458369983907
65748,0.014569049753355434
65750,0.03168130580469533
65751,0.14590846519418632
65752,0.011351891854488023
65753,0.07063242964325425
65754,0.01675216015457128
65755,0.012580645721586216
65756,0.012711264854088033
65757,0.009235068777022314
65759,0.14856964789383945
65760,0.032576998240559256
65761,0.042178432821386405
65763,0.038386627393005406
65767,0.1910349545164198
65769,0.021301679055466247
65771,0.018898665447079615
65772,0.013118207748367167
65773,0.01802893291685879
65774,0.04960892626845334
65775,0.015053654043137474
65776,0.014724417356545817
65777,0.026020619313001103
65778,0.06620336409289368
65779,0.032994161595873685
65781,0.01951962136791005
65784,0.019597986240566283
65785,0.09508392810049242
65786,0.036400055285899784
65787,0.01710859705844587
65788,0.019433368619174576
65791,0.010677713752525967
65792,0.020260059986419724
65797,0.2735215463537881
65798,0.04191507828130416
65799,0.01927657363476477
65800,0.3163792821379152
65802,0.0683330707521046
65804,0.02723221974924077
65806,0.024027253408566117
65807,0.01852954249019941
65809,0.019374548565852138
65810,0.019436374053251146
65811,0.07014126386450809
65812,0.03589957256710019
65813,0.01800731137335165
65814,0.10382025970874126
65815,0.14862802516105533
65817,0.01529631204333524
65818,0.01278228057422695
65819,0.011783715538625594
65820,0.007705128989283345
65821,0.021001155635927332
65823,0.05725635368035184
65825,0.041930851689674455
65826,0.019934928971686538
65828,0.04526719729055584
65829,0.0223115656496907
65834,0.01457861696854113
65836,0.04268450804079385
65838,0.030427330625934633
65840,0.022886909999274563
65841,0.09303523820746996
65843,0.09757593383118869
65844,0.014875516643897243
65848,0.10219772434024058
65850,0.01876614870791348
65851,0.012929810638764505
65853,0.014577140060902138
65855,0.38874266038423555
65856,0.12273280620071922
65859,0.033264892116527
65861,0.04430964674475758
65864,0.047357137810103825
65865,0.0534807873028575
65866,0.1265086427844087
65867,0.08931041860118467
65868,0.02041020081916845
65869,0.049717305484553574
65870,0.029392539841815658
65871,0.013682345158949635
65872,0.029539139004389803
65874,0.041231465558851085
65876,0.017378511997793614
65879,0.15214594513575794
65880,0.005545169259316914
65881,0.032704152415719535
65883,0.2504633193551135
65885,0.06996247618679995
65886,0.010236222361404729
65888,0.16392335859285748
65889,0.27770068112058316
65890,0.056188364110716246
65893,0.06966488330781256
65894,0.012845430135439602
65895,0.04474149114813689
65900,0.009371442001954769
65901,0.01402424373997982
65902,0.019401165682351104
65903,0.04664624604127489
65904,0.01737599228562198
65905,0.009970367062584556
65906,0.24249682512766138
65907,0.11031375916589214
65908,0.0646561111723442
65909,0.009193673102401455
65910,0.010751518431001673
65911,0.04389475750636925
65913,0.022601487734667546
65915,0.4366258451658223
65916,0.12223905288979375
65920,0.01779142306243422
65922,0.05840379309480591
65924,0.10308957363377823
65927,0.019655126866611847
65928,0.03202815716246386
65929,0.04436557952789883
65930,0.042116726639580104
65932,0.2149719238707369
65933,0.10355311423063585
65934,0.16181723766828776
65937,0.09701875366342504
65940,0.04156376969091186
65942,0.00858770131019268
65946,0.029881594020657178
65948,0.02677435116521854
65949,0.027439890007833156
65952,0.058771138055518514
65953,0.10651934031400172
65954,0.013469815025121101
65955,0.02111689857498305
65957,0.024819700004996156
65958,0.010671555263789132
65959,0.0172877864211861
65961,0.028066021326209757
65963,0.25982864031045166
65964,0.02116936214336047
65966,0.019272006409681568
65967,0.014066879454950759
65968,0.016572667033220467
65969,0.026055249957650933
65971,0.11719220089205895
65972,0.024598280715999708
65973,0.022577766480498057
65974,0.03796569723733679
65975,0.0215093324068189
65976,0.021233493442857874
65978,0.11789784500480159
65979,0.017773623147640544
65981,0.10533732355998664
65982,0.022162679106007988
65983,0.052451254636403516
65984,0.01097934540197684
65985,0.03316414913160457
65986,0.014087604071703407
65987,0.025360449295067113
65989,0.013339993457712439
65991,0.048988316287186265
65992,0.02100777846781125
65993,0.011209125862976394
65994,0.03601976875404088
65997,0.06304085369111959
65999,0.010662585692114607
66000,0.013987273427057335
66002,0.03360466086238139
66005,0.016275988007374963
66006,0.11605171357093695
66007,0.122207658503926
66008,0.23720629425778753
66011,0.11940000286752893
66013,0.040719779394547566
66014,0.03655685541857284
66015,0.04906341916446072
66017,0.01835958915670847
66018,0.01753686115038103
66019,0.015525079048298666
66021,0.02578581047475111
66022,0.012885377185051363
66023,0.032661671027522564
66026,0.05144693262035134
66027,0.015412621536901053
66029,0.015975704065838644
66031,0.11961921382800744
66032,0.052916560805064884
66033,0.019155711583283837
66035,0.28789497169780365
66036,0.02971048883348601
66037,0.15561402764747853
66038,0.04099756607522246
66039,0.012021765113980107
66040,0.2975361528480202
66041,0.009582321088290107
66044,0.031042616541826468
66046,0.024625473122225173
66048,0.011889496088096205
66050,0.027264668916940182
66051,0.05675064039309968
66052,0.029484452007213974
66054,0.02678044823328131
66055,0.009343276977841038
66057,0.14900288011351182
66058,0.045140042198226135
66060,0.012897061773285352
66061,0.009427348277535155
66062,0.01690048444118078
66063,0.09413299687937132
66064,0.06045926218875301
66065,0.032723304258329124
66067,0.022085658016295348
66068,0.3161971276491461
66069,0.289710361258408
66070,0.10537038270882
66072,0.13720619140652454
66076,0.014171163537628644
66077,0.02279112439071153
66080,0.021776619948381926
66081,0.021999196662663617
66082,0.006493824377017455
66083,0.013153899038286237
66087,0.0221872757756263
66088,0.037852312479643754
66089,0.01912670717422974
66091,0.30547513832773276
66095,0.05099859605366394
66096,0.09639405920684989
66097,0.2583310868299964
66098,0.30756575830419125
66099,0.03890493852271296
66102,0.009072552854420761
66103,0.02399620975555246
66105,0.016815771014111705
66106,0.07772263284489689
66107,0.0745984204603572
66108,0.1524558110442856
66109,0.009570580631704753
66110,0.4709164799786099
66111,0.015051917531287096
66112,0.07889116370251542
66113,0.36547136838583233
66114,0.20550407385220143
66115,0.09504037108347763
66116,0.022246694136638694
66119,0.016884479240258564
66120,0.02682409167156096
66122,0.01892023284270499
66123,0.022496229503773033
66127,0.02629895991972606
66130,0.01293490814207601
66132,0.043208126130389324
66133,0.046400005912226594
66135,0.012398935790173298
66137,0.011177125543116968
66138,0.0579675573202833
66139,0.00808688946801518
66140,0.016828336944772936
66141,0.009490152583996275
66143,0.036941132984421504
66144,0.021528634324907803
66145,0.07216784543415672
66147,0.01236335324977548
66149,0.03571985676839409
66150,0.03056305152542806
66151,0.012185314399688058
66152,0.04868318017575832
66153,0.037801624833554676
66155,0.014674462433571235
66156,0.040553349913111526
66157,0.05130989126916839
66158,0.011193963140914878
66159,0.02854141142976864
66161,0.01633050871624632
66163,0.2064188202843963
66164,0.013771227198491956
66166,0.02921098664450296
66167,0.028350582326013174
66168,0.05459785513820209
66169,0.03463053593758642
66170,0.02212069573828399
66171,0.040295996057575514
66172,0.17603452689945617
66174,0.15907429472459886
66177,0.0198920549452185
66178,0.03166825509021238
66180,0.01261464409650026
66182,0.03380156469781043
66183,0.044134259782619756
66184,0.013172738850687276
66186,0.08680616278479751
66188,0.03343597242203414
66189,0.03090124458606768
66191,0.026234380023600158
66192,0.013122008984981837
66193,0.037494645255784914
66194,0.036790960368695697
66196,0.018442680447994856
66200,0.18888021593633317
66201,0.016225782932988334
66202,0.09452338379299277
66203,0.2754537649016343
66204,0.01117827715129878
66206,0.012262613110981644
66208,0.07307810556298269
66210,0.09034497696902125
66211,0.09342798647358917
66212,0.19801620795952635
66213,0.02897137303399841
66214,0.12139852931984874
66215,0.11096242754837178
66217,0.01731635291020497
66218,0.07440029614202369
66219,0.20341637222205664
66221,0.07752342906183697
66224,0.03593859568493227
66225,0.05182160276191322
66226,0.10141827289591557
66228,0.04786979106368801
66229,0.27625176224714076
66231,0.015545119716917362
66232,0.012618953220234277
66234,0.03576593773123558
66237,0.013836565672900043
66238,0.07965035310143065
66240,0.22109401853370433
66242,0.1759089896143507
66243,0.0063815691386734825
66244,0.020848500917569682
66245,0.11857181438596648
66246,0.0377147900182487
66247,0.02266501586493524
66249,0.016420031848931968
66250,0.014327743653727335
66253,0.012815760955844177
66254,0.00938215493723857
66255,0.08548088398518869
66259,0.01522131032771759
66260,0.010007961434111973
66261,0.028495309429437666
66262,0.023428338324184794
66263,0.025959778507808885
66264,0.016269625666073626
66265,0.00848753324613281
66267,0.018904716094077033
66272,0.04159054270900431
66273,0.10810060062961609
66274,0.018542362776708878
66278,0.015566482052850925
66279,0.023794105163888187
66280,0.021250810191001213
66281,0.12218404084674596
66282,0.06173802649832031
66283,0.046796453574622976
66287,0.017659136846492136
66288,0.016155025295177785
66289,0.09557923537307844
66291,0.011017922884464569
66292,0.12788652189095553
66293,0.029097121868250444
66294,0.008233644820877049
66295,0.13634891079810768
66296,0.011406927668393043
66299,0.02650807770268841
66300,0.031930864841948396
66301,0.015073259292256625
66304,0.05772202443617262
66305,0.047986384190517345
66309,0.014593850847277977
66311,0.05027643373353283
66312,0.015319023172323719
66314,0.01772931161552572
66315,0.15000566468069668
66316,0.017927522910887686
66317,0.01628663544029111
66318,0.0370064345142937
66319,0.01760131610980334
66320,0.05113353098160403
66325,0.026619742625965614
66326,0.012757068080901423
66328,0.017601563688854058
66329,0.011347209084029157
66331,0.025798221935634486
66332,0.016753392874577375
66333,0.10857807442760774
66334,0.024729854144540105
66335,0.01824949974275092
66338,0.01998716942520659
66342,0.015682844551939905
66343,0.028238183940760785
66344,0.06511362878957284
66345,0.06926147296904026
66346,0.011283191822941787
66347,0.027849019640735904
66348,0.022603987560642108
66349,0.01793844185742357
66351,0.06381798459308104
66352,0.06398383497978409
66353,0.013925093800851385
66354,0.016580582196447414
66355,0.01626126974347931
66356,0.09934627423176257
66359,0.01066407650595158
66360,0.03958670839550556
66361,0.04193509897563541
66362,0.06882413291605173
66363,0.07982321222326133
66364,0.04771908138710133
66367,0.041481344869408784
66370,0.04936070623336693
66372,0.012778433869509354
66375,0.1758607361537126
66376,0.010312009098826532
66377,0.0114473509935911
66378,0.022551389200699504
66379,0.015656269651171395
66381,0.014476824921232255
66383,0.019571036887278216
66384,0.08296655564906266
66386,0.018978707097211625
66387,0.029113067932087885
66388,0.07508447520420339
66389,0.011830747699027264
66390,0.012723514271849931
66391,0.013981515107318767
66392,0.01977893042919418
66393,0.01520282187685189
66394,0.06971397316291629
66395,0.019117413295863934
66396,0.024733907644228337
66398,0.030552755703063938
66399,0.02342092196205725
66402,0.061616062037652616
66403,0.04455392091170752
66404,0.015333253961500431
66405,0.009690776661465847
66410,0.1033881703541066
66414,0.052577977839003205
66417,0.017285517062464745
66418,0.015708457973680978
66419,0.014808414695859643
66420,0.4258801338281213
66421,0.01857720416465814
66424,0.013922471302875127
66425,0.039089109570843814
66426,0.021758106870082755
66429,0.02817249195623091
66430,0.012871966936934398
66431,0.025108203919413558
66432,0.024411207372518447
66433,0.008624382147493349
66437,0.01137489810358629
66440,0.012290188133346947
66442,0.009414653642165588
66444,0.04423591504795128
66445,0.033881359346789465
66446,0.012457368635601287
66447,0.011436748835490304
66449,0.005519627285348128
66450,0.03267449184682178
66451,0.02543730260655802
66452,0.01698968118473606
66453,0.008623001191447134
66454,0.030205783145607942
66455,0.01964251768059518
66456,0.019224727874567627
66457,0.018957600556019652
66460,0.12144100486569696
66462,0.01932679475490319
66466,0.01468575072372039
66468,0.01676499302963575
66470,0.02909858095996058
66471,0.058125599527580674
66472,0.015337868420694685
66473,0.048336405544922
66475,0.02313539490424406
66476,0.09763249034551723
66477,0.051165013971417386
66478,0.06515239975890207
66479,0.06529559634700821
66480,0.1802243065328317
66481,0.04832804110462776
66482,0.04400125698664353
66483,0.29118951661157777
66485,0.16729858863783664
66486,0.03737707188416624
66488,0.04371943105726697
66490,0.01674666174448802
66491,0.06724747664912098
66492,0.2950093146800073
66495,0.02193710431062636
66499,0.01244473936728035
66500,0.018009131068067
66501,0.29184009118284954
66502,0.027129760443680248
66504,0.0322752028895464
66506,0.01032581079680981
66507,0.047555543978713685
66508,0.01585885657572945
66509,0.013273370793499488
66511,0.032560115676928895
66513,0.12886142589203914
66514,0.0077601925806757835
66515,0.07869047899969636
66516,0.014252051574978788
66517,0.03123994181694152
66519,0.02099054975358075
66525,0.008827704358801857
66527,0.21764409955805533
66529,0.05050043758166924
66530,0.04438592486097126
66531,0.01513197437036317
66532,0.19372986866088956
66533,0.01955744926755071
66535,0.03131516907288742
66537,0.025112680094849044
66540,0.023554344186133735
66542,0.36609582226683185
66544,0.009324905456279349
66546,0.005432920923439253
66547,0.01703111497804418
66549,0.009994823457819586
66551,0.012423702682382763
66553,0.01667594706353557
66555,0.007877497750063729
66556,0.12859545172708542
66557,0.015428087083932854
66558,0.016954069612689904
66560,0.02395633503999191
66561,0.05007988465484928
66562,0.06590945814819811
66563,0.1097673958530958
66564,0.009206742814332638
66565,0.10425094111208283
66567,0.012954849820445586
66568,0.012017891967237435
66569,0.03581319500698793
66572,0.01865944644595696
66573,0.011086216466346875
66574,0.011537822162361837
66575,0.026848319677571827
66576,0.014760853598800902
66577,0.012684715788548604
66578,0.05488475261868499
66580,0.17980673301252229
66582,0.028504893393016345
66583,0.012403236792414677
66584,0.007611637927923078
66587,0.01729819337194684
66589,0.021964813834159422
66592,0.07009864764286775
66593,0.08472739834130621
66594,0.20556591757308973
66597,0.046354076983338634
66600,0.014965353378683797
66602,0.019303614529789365
66604,0.01673074033228081
66606,0.047116238856970666
66607,0.024416837581128465
66608,0.30378877269509447
66609,0.11306201220110768
66610,0.06382912130430224
66612,0.12223719987978399
66613,0.07625693917411779
66614,0.045006151050459214
66615,0.025642310813314962
66616,0.01952328122854103
66617,0.09898314376837929
66620,0.05570750452177176
66622,0.12555116967770563
66624,0.04513077519248509
66626,0.08752226596656613
66627,0.010134210206363426
66628,0.010438449659244592
66629,0.013540479453783538
66630,0.14763438034998172
66631,0.023655931375999154
66633,0.013093687353081019
66635,0.010444644884353864
66636,0.03127017846214966
66639,0.014308388557516951
66641,0.0346777346962933
66642,0.018761197221944696
66643,0.24430195387261644
66645,0.10980105809039288
66646,0.013972015740605796
66647,0.01243123872236504
66648,0.04106697849804038
66650,0.056727334777679515
66654,0.020793016072974693
66655,0.05546086730522998
66656,0.072778671680325
66658,0.019303180918406146
66659,0.010268377728867071
66660,0.009762683123192773
66662,0.022435206956419193
66663,0.08425097871033685
66667,0.029092893454883077
66670,0.04362442209043685
66671,0.032791680407332935
66672,0.03396094156871955
66673,0.022516712522771674
66675,0.060319361817458735
66676,0.027048111698504716
66679,0.015056089407777348
66680,0.14956725281394914
66681,0.013491728619894023
66682,0.01388778666039642
66684,0.023345805665028214
66693,0.05155277487618123
66694,0.044937187528123756
66695,0.18241309635862332
66698,0.01705697238060964
66699,0.011144647062709827
66703,0.008698159758871704
66707,0.020886534382627376
66708,0.22792782519688795
66709,0.10809389335423195
66711,0.012757517259379259
66712,0.01302714031420156
66713,0.015662654992403997
66715,0.013528363577311237
66718,0.013357896619559398
67476,0.018527771033918776
67477,0.025893375439716065
67479,0.018369175377161265
67480,0.00772772617318819
67483,0.03420236934611273
67487,0.028320544209223177
67489,0.00870387833654386
67490,0.01331587868357508
67493,0.052677449950078614
67494,0.017669806285695623
67495,0.012459707022703796
67496,0.021950575429601445
67497,0.02742478744321979
67499,0.019488563472426976
67501,0.018142256292655385
67503,0.022408062826586538
67505,0.022491211480009682
67506,0.009575780413832004
67507,0.037811145927816515
67509,0.010738793473511348
67510,0.01690187979021316
67511,0.02745198383516193
67512,0.05716400211911279
67513,0.041639131797635384
67515,0.020241082956652348
67516,0.022457667621054243
67520,0.02778900941363109
67521,0.03603882712622639
67523,0.013870290864041894
67524,0.019561046343944316
67528,0.07522838642470028
67529,0.02555690856012712
67530,0.015574468787985827
67531,0.013148333598577666
67533,0.01117818397804842
67534,0.021693892919557044
67538,0.019024210028331122
67540,0.019183385130566614
67542,0.018167187883576838
67546,0.017427848427284863
67548,0.028787068585868433
67549,0.015263151778687105
67551,0.06400069051025191
67553,0.029095007944396584
67554,0.022067061197631466
67555,0.06419489274086393
67557,0.022011991578850185
67560,0.08122879764509942
67561,0.012947288585544251
67563,0.025171484510651102
67564,0.00912368841148686
67565,0.0413110178484387
67566,0.012280905570074914
67569,0.013977602555229209
67570,0.030573387822035787
67573,0.012695022446437191
67575,0.005493134418359502
67576,0.03307002965872576
67578,0.10748532654514648
67580,0.016480982027119173
67581,0.02504996335228302
67582,0.016064327182738303
67583,0.01650723457367927
67588,0.012968042576496919
67590,0.009946423862195783
67595,0.016689245334190816
67597,0.009631583220047844
67599,0.014016909109490576
67602,0.029136515162590047
67603,0.017761344130984187
67608,0.023830516460728507
67610,0.01191779854031466
67613,0.011685419852506413
67615,0.017666987445014173
67616,0.025293669685097754
67618,0.025238496067469147
67619,0.0776539486018889
67621,0.1279834708106972
67623,0.04860895867193167
67624,0.009417170691311802
67626,0.012389889043137087
67627,0.016556172121726966
67628,0.012818460721984143
67632,0.07077432003046705
67633,0.03450905615838262
67635,0.012151891725152401
67637,0.2361099820322024
67638,0.04414799838452058
67639,0.022602003977471846
67640,0.06729095510088043
67641,0.06375294512178359
67642,0.026999058949217405
67643,0.041085555431059434
67645,0.033696792905241676
67647,0.0405402979378113
67651,0.028896397458271418
67652,0.04703298720805422
67656,0.01719676924109139
67658,0.04398644187357258
67661,0.009687226602459098
67665,0.025046302990439338
67666,0.01807212896112458
67668,0.04204977253856741
67669,0.057167379874615024
67670,0.010434304024626091
67674,0.015941150925624644
67675,0.01372702952030764
67677,0.013363504152168852
67678,0.0919741307914565
67680,0.004018149662742202
67684,0.020706959115553883
67685,0.021605639214048292
67692,0.011991697791705645
67694,0.012755923637971496
67695,0.019342210888555596
67699,0.04436889450788335
67702,0.010693549213642845
67704,0.010395280109473232
67705,0.022088411048683993
67706,0.024761189534007296
67707,0.10914232253798083
67708,0.043416772916524606
67711,0.03250359483823112
67713,0.011905432068664302
67714,0.007701392435288311
67716,0.03701670275330555
67718,0.01922646559252606
67723,0.010214339209896048
67724,0.05010074999099231
67725,0.032291222613726564
67727,0.09385808896978089
67728,0.01686321971098472
67729,0.0797542209127529
67732,0.009872376243195043
67734,0.008252344637096535
67735,0.009458131703371179
67736,0.013533078203871837
67737,0.012320717702794685
67738,0.024783305747181142
67739,0.029567279312184256
67740,0.045354500260456856
67743,0.04015221132698304
67744,0.031049191333139273
67746,0.02367600094521506
67747,0.06676069162923771
67748,0.036442258437509735
67753,0.019140988613999505
67754,0.004258663621247398
67755,0.012902159662066837
67757,0.026865994550755317
67759,0.025742367162981634
67762,0.019106246999723693
67763,0.004451016804098061
67764,0.03387977208896419
67765,0.03207367490151111
67767,0.03977664871774894
67771,0.0246762349812314
67772,0.011140274827848361
67773,0.023202467930151925
67775,0.01585682607082167
67776,0.015299058004793828
67778,0.12865223520073174
67779,0.01575395966443233
67780,0.043041215002308786
67782,0.03091991927087163
67783,0.016905156904189613
67786,0.008345610661433911
67787,0.028223599010297213
67788,0.01580140506592055
67789,0.014464786307023008
67790,0.07976080439554224
67791,0.027026893503030634
67794,0.015507915139173671
67795,0.01858423839973887
67796,0.02182176591151822
67798,0.03168441845490335
67800,0.02633250605177401
67804,0.15018302734725567
67805,0.0347291439679558
67806,0.013223138017746635
67808,0.022024678450987583
67809,0.025296755479634985
67810,0.03982931641382836
67812,0.17082137440538356
67814,0.013448951275047123
67815,0.0227993816777508
67817,0.012764326781817853
67818,0.025160003678782145
67819,0.009458005232159936
67824,0.010942455759254257
67825,0.016004010450927832
67826,0.02266106012733316
67828,0.008311300326083805
67830,0.011704910438107959
67831,0.0181643921983833
67834,0.012299828210387316
67836,0.03274546355542232
67837,0.01578612161632348
67838,0.08842201859767422
67841,0.019952219414025005
67845,0.012259319502876643
67850,0.052772282568642324
67852,0.01574865077014874
67853,0.0157612573756059
67856,0.01207926269898605
67857,0.032123118903590826
67858,0.01412753858224292
67861,0.07791872689043705
67864,0.0617211717404463
67865,0.035047086204862146
67867,0.017236415357851014
67868,0.016818071791482883
67872,0.104302057145014
67873,0.018813912089930704
67876,0.011924920811112861
67881,0.01940449162216083
67886,0.04710326978055448
67887,0.010326241316382552
67889,0.014983118260032525
67892,0.0726213248639427
67893,0.31466391391065146
67894,0.012615086630843786
67895,0.023154240001562392
67898,0.03089671019948069
67900,0.015972586075066818
67902,0.01486948498762494
67904,0.02130363105449064
67906,0.01691001907230822
67908,0.012623219560464083
67909,0.03812653401665251
67910,0.009335641568590828
67912,0.01273376335586564
67915,0.010413316582968193
67916,0.008967759033697804
67919,0.02310160480753954
67921,0.028273633514947202
67923,0.01929015402526322
67924,0.012105405288809783
67925,0.019146464585823118
67926,0.012152525712909333
67931,0.009546891015265842
67934,0.025122023823157376
67935,0.012084807977869089
67937,0.014114677773181334
67940,0.03973070844392932
67943,0.015896676397944846
67945,0.09506184445759426
67948,0.021687307050633264
67949,0.022139635761011193
67950,0.06985435235159139
67951,0.04851992137502457
67953,0.01572555734915368
67955,0.06502678189566505
67956,0.04224738501207318
67958,0.013555082353188495
67960,0.03596228083580313
67961,0.09580323726491685
67965,0.02371432814154036
67968,0.01409349642528884
67969,0.0458368518564592
67970,0.02714014193076231
67971,0.016218947444423704
67972,0.010116072406052935
67973,0.007835516424232873
67974,0.008656808582158436
67975,0.014775459586931784
67977,0.017767603922365583
67978,0.0199949281096364
67980,0.010186989022644744
67981,0.025376263994657797
67984,0.01799296282282049
67986,0.035320851930301767
67987,0.011969248784847817
67988,0.021008728549046105
67990,0.01027831082771628
67991,0.0150014605508774
67994,0.030574469563888425
67995,0.011697768987690151
67997,0.01353361051993336
68000,0.013817923179541836
68001,0.03763916889389519
68002,0.01128245989140696
68003,0.06942636531630729
68004,0.08375898696029642
68005,0.01463345264665095
68006,0.011831975086023657
68007,0.07302953492560725
68008,0.00859713835865784
68010,0.018109439407420963
68011,0.0086324024666343
68015,0.011723502291375375
68016,0.01562950661615396
68019,0.015803462402109912
68020,0.051645801649784696
68021,0.08244319811451342
68025,0.014121991796580746
68027,0.011251733521850805
68029,0.018753719319064766
68031,0.021284895354683867
68033,0.011738102035267131
68034,0.004238141043417971
68036,0.01258901189250954
68037,0.061840532770858256
68039,0.01489538446050411
68042,0.00970133917566806
68043,0.027761662620379057
68045,0.06609751462277552
68046,0.01597537484156742
68047,0.017320883064766264
68048,0.01506562444623992
68051,0.015588926404116287
68052,0.011564113361073767
68054,0.021668589504609356
68055,0.025350764458494667
68056,0.02468815923421697
68058,0.04665795859827386
68062,0.008845207598676217
68066,0.0158182296721693
68067,0.017768362723114647
68068,0.014438232985917837
68069,0.014365132251129745
68070,0.01850913622373718
68071,0.022594191496511935
68072,0.018922560575701693
68073,0.03284961141684951
68075,0.019137127488233072
68077,0.06909452159847373
68079,0.06252768543411799
68080,0.013860534845304124
68081,0.02013855305066397
68083,0.017241460977754586
68084,0.0135500321008743
68087,0.013304846289911756
68088,0.019640415797494253
68091,0.02060580790061036
68092,0.015878102621804006
68095,0.020832792399702014
68096,0.02700101592788651
68099,0.025283341517692955
68102,0.009469607158080843
68104,0.01655139568988897
68105,0.01505887453547727
68106,0.03473103513358349
68107,0.013891984904899207
68108,0.010347837867766718
68111,0.01198152745272444
68112,0.2482546122401957
68113,0.013292960579662344
68114,0.022336934749374107
68115,0.01689417099342965
68116,0.04626026156295227
68117,0.00848270919578423
68122,0.006880804229701743
68123,0.006830451493575619
68125,0.16030324531705062
68126,0.009007919360727446
68127,0.01727388541845936
68128,0.015747802578655413
68129,0.03233319297273235
68132,0.017271012366255604
68133,0.022330855594731816
68136,0.013480515340528257
68138,0.01302460823466693
68140,0.015549198245162798
68141,0.013032048859342359
68142,0.011224535280307752
68150,0.07564519544722013
68152,0.014089314185639197
68154,0.029204523870452036
68155,0.02882083025506833
68156,0.010442309490319206
68157,0.021007516921161786
68158,0.008989073691309203
68159,0.020470314725870072
68160,0.03470785303843503
68161,0.014233672715498628
68162,0.038744022255271
68164,0.01603698258680046
68167,0.02835658710269944
68169,0.025595801570925565
68170,0.015771314817420043
68173,0.016996277484551733
68175,0.02022996138409097
68176,0.020910900790530696
68177,0.03848864975659711
68181,0.020081908393901247
68182,0.055691182858743526
68185,0.0555518907373349
68187,0.008375679804363333
68188,0.011053565366461916
68189,0.016558296981617236
68191,0.011550897622833302
68195,0.013920043569077695
68196,0.014930296964690608
68197,0.015353849308924243
68198,0.0052051603031479255
68199,0.013108280908953144
68200,0.021780819014484136
68201,0.021828388540945765
68202,0.06774036063923929
68204,0.010218409338474562
68206,0.016079343774239797
68209,0.014048363126476856
68211,0.02049563840674576
68212,0.009177781585360338
68213,0.038960600935421856
68216,0.01388197088600429
68217,0.013257987350061357
68218,0.022189077380505563
68220,0.007086913597501975
68221,0.019029102860296715
68223,0.05706295533133774
68224,0.013072112675441788
68229,0.012195241233636338
68233,0.02123410399994521
68238,0.028562988083225698
68239,0.012857394977052156
68240,0.1434762751531787
68241,0.013470477294823797
68242,0.05779082710908925
68243,0.10457985876058991
68248,0.011577572513540923
68251,0.01899130193823256
68254,0.03501862875790801
68260,0.03109676500577059
68264,0.017816603177612685
68266,0.007321118848000137
68268,0.013310696793498276
68270,0.024370459051477552
68276,0.016838852809408323
68277,0.010808991529130554
68280,0.02283890916239013
68281,0.03196318574674142
68282,0.011177943500670516
68283,0.028098807785279085
68285,0.009589741891679097
68288,0.016457837339847983
68289,0.011711443597002035
68290,0.010075954560800699
68292,0.1277847881340635
68293,0.007907628902037774
68296,0.0953971535985089
68302,0.027162311871107767
68303,0.012975946993061612
68304,0.008591751347914723
68306,0.022491361618623185
68310,0.009309243675613397
68312,0.0132565926125928
68313,0.02965960067852248
68315,0.014039090638731329
68319,0.01996876394290962
68322,0.028104543506622004
68324,0.01587714136228085
68332,0.01360651476589212
68338,0.008473324548471927
68345,0.010331048870723227
68346,0.006550021888154348
68348,0.13950404719708007
68351,0.06978278269708274
68352,0.01992350798365343
68353,0.008460261899929376
68355,0.0267228032017271
68356,0.015951972509339735
68357,0.015934719712012404
68363,0.028201190519961353
68366,0.00913058048539239
68369,0.013316286460842423
68371,0.016260252387545845
68373,0.024707643904359568
68375,0.012850672232308388
68378,0.013108280908953144
68379,0.06114724210170389
68381,0.022958853593693738
68384,0.011040538795331626
68387,0.017147957395409863
68392,0.0046552338694831556
68393,0.020952046202419063
68396,0.01434681020202112
70248,0.010432792772177105
70250,0.022895099762690472
70251,0.013718734355413464
70252,0.013333000152946056
70253,0.012935564878813638
70261,0.0368946513395941
70263,0.08236951239724799
70264,0.10360655911921261
70266,0.014147002439792711
70267,0.019176329227302714
70268,0.010828124722505108
70269,0.09434382202964331
70270,0.013673656311770265
70271,0.017619795434545674
70274,0.06331760575524109
70275,0.012958768468275745
70276,0.01763685525007305
70277,0.01732236159142017
70279,0.02154373008984863
70280,0.020486849450235534
70281,0.01638567632980462
70289,0.0892325529894274
70290,0.01706857800991797
70291,0.016441911222493555
70293,0.024589622384893102
70294,0.012815197800543757
70295,0.025946355117234823
70296,0.01642157462796509
70298,0.007060169507048598
70299,0.016029969004358186
70300,0.009824583173687802
70301,0.009279992463098822
70303,0.18623407958939198
70304,0.02516577398221668
70305,0.06378816057173436
70306,0.012812106110086192
70308,0.030506831133395636
70312,0.020156862740306054
70317,0.013752713722459122
70318,0.018964440450941797
70319,0.21822920251438777
70320,0.009694856493773758
70321,0.027466839631239432
70322,0.013023732040533165
70323,0.00970771347927676
70324,0.00860552960356648
70325,0.01004899810647298
70328,0.009987177296270156
70330,0.04532508704394188
70331,0.011272204914863146
70333,0.007394533615957524
70334,0.012054392388929868
70338,0.23552618074822773
70340,0.011705263163813017
70341,0.016271270600802117
70344,0.10727567466334235
70348,0.03238111407331328
70349,0.012668603672021729
70351,0.015744708119267606
70357,0.03623055578204323
70362,0.17023232135389935
70365,0.014569988336578637
70366,0.014463047972041818
70368,0.016357472489539684
70369,0.027178340915683365
70370,0.19468633283016462
70373,0.011850325690747825
70378,0.016088562148509747
70381,0.011224778383913461
70382,0.011945369360875532
70383,0.0054765883760261695
70384,0.010969437771347543
70386,0.022368820464558365
70387,0.012275596033155456
70389,0.0234174543942042
70390,0.01771621064584427
70394,0.3935390017231859
70395,0.009571562271184993
70396,0.010158204593190855
70400,0.04628734093636967
70402,0.020709394370895317
70403,0.03759327558489119
70404,0.014740771340816194
70405,0.06353869110490998
70406,0.014880097509498232
70407,0.03921430071866152
70408,0.012689199188729919
70411,0.03043928159342127
70412,0.01243926114525654
70417,0.018006364123085407
70418,0.02563557586796664
70419,0.19240329288626645
70420,0.03326507106408672
70422,0.38554997489506787
70423,0.015831626635401167
70424,0.0559045656692547
70428,0.01707825670835154
70433,0.05293519979929213
70435,0.020255289487951127
70436,0.07941742870765521
70437,0.020433657356065737
70442,0.016060439938363143
70445,0.013736795267837356
70450,0.014205945720243803
70451,0.0113821397635583
70452,0.022682515121520676
70453,0.012899906953778567
70455,0.027688199000761526
70456,0.01951064650189695
70458,0.019978697505898427
70461,0.3594030566145767
70462,0.016787906603917994
70466,0.08490692916825508
70468,0.013428146518282728
70471,0.007010443700158587
70473,0.013971305926617205
70474,0.011786345833666037
70476,0.016187073073594495
70477,0.016208959892324515
70479,0.0067409787423485315
70481,0.03220740190850207
70482,0.014595634637186213
70483,0.032181774710538694
70484,0.021585569159509304
70485,0.013920434633559351
70486,0.010462204435341878
70487,0.009883548621593248
70488,0.04338417778253604
70489,0.013574461259347734
70491,0.014995188835052324
70495,0.03922377199894182
70496,0.03577803102419735
70497,0.012787181263276626
70498,0.014331010146340209
70499,0.01064438291079365
70500,0.012794831605397735
70503,0.02761222534947211
70504,0.008491096916094926
70505,0.02074911333033398
70506,0.015816376045825004
70507,0.022033680043537382
70508,0.007013328775033811
70512,0.019499477129098105
70513,0.00823303773110935
70517,0.030620791185528858
70518,0.010169091529515121
70520,0.0182821051774728
70521,0.016516567354753188
70522,0.011906667578472334
70525,0.038357939114349565
70526,0.012278467037107358
70534,0.006371853239935339
70535,0.023422288574463875
70537,0.03607138154868608
70539,0.09306042041507576
70541,0.013742944028460402
70545,0.01347047226901808
70547,0.017164804893251347
70554,0.015273673984192297
70556,0.011573527131406386
70558,0.36775901564894486
70559,0.17762829761662466
70560,0.012711316830624583
70561,0.13935080066980068
70562,0.3051258605458828
70563,0.023036117717629197
70564,0.024461222384881152
70565,0.10381283826612159
70566,0.01628292866790202
70567,0.0360007421529451
70568,0.016354230346790146
70571,0.23042626233163302
70577,0.009499597872809058
70578,0.012346645581564574
70580,0.007043929615947101
70581,0.02842947906145837
70582,0.013252420242867151
70583,0.03469338033213768
70584,0.012184654102802601
70585,0.008470481085868937
70586,0.012264806797538694
70588,0.012042471308093359
70589,0.0141314425774844
70592,0.02901153864909745
70593,0.013259627429716281
70596,0.02554522801268748
70598,0.0177628557281769
70603,0.009768461690679376
70604,0.007429670722529494
70606,0.011069147611452694
70607,0.0363763965519587
70612,0.02661446683351524
70613,0.09341733830089642
70614,0.009864806908729495
70615,0.023442699612843256
70616,0.01501186317426418
70624,0.02327356206947319
70629,0.022855175050094493
70631,0.35357341087116406
70632,0.05233013947951374
70633,0.00869914027463342
70634,0.012231270992562241
70636,0.016216594788042438
70637,0.01378325051626142
70638,0.010784458299857237
70642,0.11051565140253608
70645,0.055171218822940155
70647,0.2862556065854313
70650,0.14568417433309838
70652,0.013608811690317706
70656,0.01592022981368971
70657,0.014145884628557431
70658,0.014462340675068134
70659,0.03085393805904824
70662,0.01827932705138999
70669,0.02757846191191841
70670,0.01018038648558584
70671,0.008253287770191138
70673,0.006725212274754888
70676,0.00826785513258961
70677,0.009993746217362143
70684,0.20075295095446494
70685,0.01559650220578177
70691,0.05164150241334536
70693,0.02259458599295015
70694,0.012064097932858365
70695,0.028390537971696748
70699,0.028637033308811514
70702,0.18648614584802836
70704,0.014661407766320373
70705,0.0791270603718551
70706,0.039007683653854625
70708,0.018120245144969058
70709,0.01186369358627181
70716,0.019599177576994684
70717,0.428705864446997
70719,0.0379128540876034
70721,0.008429252235829578
70722,0.016762285087349435
70724,0.0240071473550428
70726,0.01221016616369071
70727,0.01454570531523933
70728,0.01697538822320273
70730,0.008131618768868561
70735,0.14851569499879128
70736,0.026451761519312455
70738,0.018005964668195356
70739,0.023369271570820714
70743,0.11139888031737694
70745,0.10857518589524573
70752,0.021995169751563307
70755,0.015196938361453943
70756,0.061916294073087
70758,0.015405086588947223
70759,0.023610736352477953
70760,0.010438879000225975
70763,0.016617750009664402
70766,0.016232213814257154
70770,0.0366604118446615
70773,0.0210813052499304
70774,0.01742493106606822
70775,0.012645243322053296
70777,0.0337334754005337
70778,0.017967777469861605
70780,0.016203665318286112
70783,0.00891318072648088
70784,0.1072910976176286
70786,0.01735310644724416
70787,0.01578133696009007
70788,0.024735585181150672
70790,0.022007067516532915
70792,0.030247272893623594
70794,0.04337435527781233
70797,0.010471622002064335
70798,0.012156427033387656
70800,0.01104398312614155
70803,0.009726809884772581
70804,0.06700867866363598
70805,0.020345943443084727
70812,0.014157591768637796
70813,0.01652146276682534
70814,0.051814171826830034
70817,0.043718978555701414
70821,0.011356710214802916
70823,0.024394834739288218
70825,0.08703855620049646
70826,0.011653830144796543
70833,0.02108811343697321
70834,0.05263202300366795
70836,0.010214337917278197
70840,0.010857899169379206
70842,0.011511807183359802
70844,0.031178720642984773
70846,0.08427426965682172
70848,0.012063090833168436
70849,0.0323007167988372
70850,0.3987102770723214
70855,0.01325849576933145
70860,0.013963587780993183
70862,0.010239943745214622
70864,0.016330238285482013
70867,0.020462204983040126
70868,0.017489848908667865
70869,0.03719402342513655
70870,0.019190973267654076
70871,0.011449417567959244
70872,0.009775618927428965
70873,0.022326348731519393
70874,0.014544260282896659
70876,0.016292653063532957
70877,0.056766789498757624
70878,0.01800952223077527
70879,0.0276966358284951
70880,0.535601990243116
70881,0.0207964539410043
70882,0.014043445977884837
70884,0.01113226680715014
70885,0.020298433628894025
70887,0.01497808607937191
70888,0.01776035740524114
70889,0.012854306561823858
70892,0.014134489291826686
70893,0.026097122203776215
70894,0.02478130010799088
70902,0.013583492905905438
70903,0.015501883228409796
70905,0.014623292106633299
70907,0.1049399166376939
70909,0.021236610586781696
70910,0.19490195084896428
70912,0.011528851237962044
70916,0.032515623688665486
70917,0.010956548668576007
70918,0.016967820941464682
70920,0.014182042839147962
70921,0.02612855304361229
70923,0.022988132572691927
70924,0.013447922219146737
70928,0.13889359415994817
70930,0.06044446135599392
70934,0.06055221713150286
70940,0.012101093857680587
70946,0.02573776667984438
70947,0.07521215043754195
70948,0.00818726436886444
70949,0.013867753101374558
70950,0.01893648444139012
70953,0.012655514971675214
70954,0.022678235402547296
70957,0.07460516847809764
70958,0.020577974621026784
70959,0.019881529885376795
70960,0.10602180891533247
70963,0.010696719162387318
70965,0.013313595693005711
70967,0.012424167840568053
70976,0.022730796919849496
70979,0.016546659060456468
70981,0.01693001929280249
70982,0.011604160222790321
70983,0.015949535409029453
70985,0.019803355232182452
70987,0.020847743509121216
70988,0.01868236149709418
70989,0.011765000398668984
70993,0.19358423637842284
70994,0.2595344507437492
70999,0.03023678124666444
71002,0.016818207867635188
71005,0.07323324335894212
71006,0.00937492422797367
71008,0.019304262447674185
71009,0.011311426897469364
71010,0.011092873589765883
71012,0.01811340517582267
71015,0.009735089730535582
71017,0.01521440261291826
71019,0.0190474406549724
71020,0.02898399496065299
71026,0.024528861228471588
71027,0.031664788908046304
71028,0.017879815018832936
71030,0.2559302944228047
71033,0.012383237825724397
71035,0.025038427513143863
71036,0.032763472159159014
71038,0.3459175172778518
71039,0.019711246453030063
71040,0.01136241635897283
71043,0.018470166238747986
71045,0.02061280833161046
71047,0.018935290148107603
71048,0.02682608886018455
71049,0.02777371804014577
71052,0.006991155149905253
71057,0.01621996978791653
71058,0.015444423359402869
71059,0.010124561253160665
71061,0.012853967793569508
71062,0.014159624595490024
71063,0.02569616241043716
71066,0.006138331774762335
71067,0.012358356596690045
71068,0.020202214619103504
71071,0.011297924843174283
71072,0.009513918579083711
71074,0.011983536611345639
71076,0.1740055968808459
71077,0.01950526777125026
71078,0.017848592808163043
71081,0.029039046966659154
71082,0.011666622107920256
71084,0.023989060961917677
71085,0.05126896735931789
71086,0.007032729015177252
71087,0.008854790875451378
71090,0.016381708167187
71091,0.027205736316642186
71092,0.032785980756371215
71095,0.03761125810897471
71096,0.020741954026784352
71098,0.054643218357826887
71099,0.0127858082296586
71100,0.029781468031822526
71101,0.051701082846380926
71102,0.030992757027882616
71105,0.024209478572270283
71108,0.014430493169116343
71113,0.01914688550829899
71114,0.008150096231316073
71116,0.01803544585201436
71120,0.10142432547821945
71122,0.0597946727646576
71123,0.011598618360460757
71126,0.023757743294220805
71127,0.012149227943448691
71129,0.011385977719050828
71134,0.013886801744411195
71135,0.020721997004490962
71136,0.015772168940081637
71137,0.0064331761524148365
71138,0.011628712955074717
71139,0.016153842443811097
71141,0.025741291419586653
71143,0.033269387271131774
71144,0.01574989829442763
71145,0.008503761785744636
71146,0.14885711020577153
71148,0.013433413362621447
71150,0.10196258732838763
71151,0.011331851401624841
71152,0.009888090295381133
71154,0.018946004805277437
71156,0.02138487865790183
71157,0.01846402475363938
71158,0.017514027162916893
71159,0.07515020388823743
71160,0.03567787746881633
71163,0.010588111765576683
71164,0.018243281367766727
71167,0.01914598481540831
71169,0.0168158960460989
71170,0.015388600682538237
71172,0.01643120836943967
71175,0.014722498047065873
71176,0.014401833371857707
71177,0.03039219202613031
71181,0.19445091378080598
71182,0.023852227846924784
71183,0.3101854298052385
71190,0.009558094734039164
71193,0.014925829370972095
71196,0.013394445446145608
71197,0.012313374154453943
71200,0.01227884151017363
71201,0.029278385433337314
71202,0.010907192524490994
71203,0.03340362394080161
71204,0.010417277562197378
71209,0.013975020784989337
71211,0.010999105916264228
71214,0.009771995032745926
71216,0.019424620085666387
71219,0.043968152455470366
71220,0.009139852263649098
71221,0.014671452685034113
71224,0.14806552683126398
71227,0.013836409418874476
71228,0.011399135932532528
71229,0.01621389125235219
71230,0.018891851750019138
71231,0.02134295471613074
71232,0.011400667531119499
71234,0.08066988960300148
71236,0.03518439635756757
71241,0.049755324414162964
71242,0.014577825104522726
71243,0.048392732008757926
71245,0.013534240836789741
71246,0.013727244397113245
71247,0.019628839641849867
71249,0.02547003589501153
71250,0.006183246333561097
71251,0.008361044970790134
71252,0.010521690878299647
71253,0.013750290126275364
71256,0.03929680907955435
71257,0.014850790445287861
71260,0.02910584103856194
71262,0.07834760984057393
71263,0.008192280331311147
71266,0.011828993556703249
71268,0.013178780856928578
71269,0.5528504971508135
71270,0.021010573206575046
71271,0.016335802733646806
71273,0.022925730206934284
71274,0.016880413651434587
71275,0.011941002390151965
71276,0.015051104197907214
71277,0.01112701545655023
71278,0.012309882489360617
71279,0.0616691485054033
71280,0.018108999128815594
71283,0.041053724636977026
71286,0.0396953610658233
71287,0.03905761389694866
71291,0.01419761204803395
71292,0.014116263653203391
71301,0.014422342933282865
71302,0.010911831763340929
71303,0.03061338658863348
71304,0.04950269183296764
71306,0.10555519148205324
71307,0.0166631153056631
71308,0.010974909489234467
71309,0.0756960447042249
71312,0.08523211933470677
71315,0.0086079161214532
71316,0.012563437985485973
71322,0.017468446560558147
71323,0.018410858853074724
71325,0.030309212802599694
71327,0.28212330537981445
71329,0.022532513142078797
71335,0.015679759160613413
71338,0.04924457231540435
71339,0.017327489718213615
71341,0.011819866930796511
71342,0.08002597971526397
71345,0.017480611920098775
71346,0.1068317968981199
71347,0.011339728712311795
71351,0.1438343753439922
71355,0.0375429260340013
71358,0.014752821257912788
71361,0.04900681756869788
71365,0.030527539633136296
71366,0.013725734786802592
71369,0.02209911739378365
71371,0.019742574668828634
71374,0.027327353445200226
71376,0.025288174542410013
71377,0.014974127463646672
71379,0.011734857210060729
71380,0.010426393554839113
71382,0.013547378243078443
71383,0.013993258713393172
71385,0.013079188267697385
71386,0.03093385416080209
71387,0.01470085394759689
71388,0.016403490015686247
71390,0.27856375822511364
71391,0.0709494820919732
71397,0.019638660114355628
71398,0.0194318469729739
71399,0.018346925488056637
71402,0.020803195488280076
71406,0.01535915756808281
71409,0.008920903005838993
71412,0.013111524867325287
71414,0.007804840118784797
71415,0.038426887976088175
71416,0.026367266042495223
71421,0.031625563433517495
71425,0.013525726129540824
71426,0.046865043147253385
71432,0.017059850843303744
71433,0.2024163178743069
71436,0.38517183757908213
71440,0.021569438861313163
71443,0.01575982893963531
71449,0.024472093428081335
71451,0.013760438354463752
71452,0.012877910216419774
71456,0.3337589512741585
71462,0.044747845638404504
71464,0.04671893994724144
71469,0.02251701544855768
71474,0.011334252729858104
71476,0.01291623118401017
71477,0.04732877460481262
71478,0.02908240987555455
71479,0.04891606128834201
71481,0.01551079793739139
71487,0.21683313655665304
71489,0.014320158753730449
71490,0.011382433217015943
71491,0.011588237981179954
71493,0.013695833629293311
71494,0.015005205057392144
71495,0.010542959147680336
71497,0.015325026892475743
71498,0.03032540191697322
71499,0.011868736966303924
71501,0.01430581158466717
71502,0.018013523026950393
71505,0.009179293067255546
71506,0.00644116427244106
71509,0.10723235234592905
71511,0.009298535843110519
71512,0.019908804632666158
71513,0.042433159159786654
71516,0.010230676205056534
71518,0.018028743339252123
71522,0.01459069771312992
71523,0.0215428620713655
71525,0.019222611783128483
71530,0.013970187455118686
71531,0.025942848348521036
71533,0.04864375988750807
71534,0.009831516344641132
71535,0.01908930320442171
71537,0.024748783373578616
71538,0.01811063169685419
71541,0.01777164823888856
71543,0.08725280754202397
71548,0.017986368221604286
71549,0.01420192970317299
71551,0.0544880883728419
71559,0.015661439012226937
71561,0.1976846180190377
71563,0.013332392684198379
71571,0.024906293023716247
71572,0.038907246621375464
71583,0.10038505702129384
71584,0.008982442920816004
71586,0.010538308741704876
71588,0.014784715245676426
71590,0.016206675357453564
71592,0.01813453118738292
71593,0.008679376196825043
71596,0.011826139811660051
71598,0.03648667252853257
71601,0.023592111333857763
71602,0.02285499939062921
71603,0.032297321271992696
71604,0.01332544714181196
71605,0.013138006098760303
71607,0.01488474390226707
71609,0.011198511635194404
71612,0.02199253060587706
71614,0.050005569481614096
71615,0.01816079438086987
71617,0.033272131173377684
71618,0.026109453430789048
71619,0.007408871123548599
71621,0.03611595389961064
71622,0.021104426082876385
71624,0.016011103913237724
71625,0.258975490284218
71628,0.48713412199806955
71629,0.01335709605958822
71631,0.04449367079080537
71632,0.45558515579238024
71634,0.06533868398826718
71636,0.16970217464145126
71641,0.011118470975327237
71644,0.023655826534872398
71645,0.031088818739457597
71646,0.021882224507237123
71647,0.019720023934643307
71648,0.020235087812086498
71649,0.019436843149882945
71651,0.012101541793192967
71657,0.012597826257811124
71658,0.02454959633086265
71659,0.013580459081993073
71660,0.009051525719655324
71662,0.021223935191773288
71664,0.029362099380575626
71665,0.015292366407014936
71666,0.02001287485943842
71669,0.010452324647903634
71671,0.011644018665654515
71674,0.01670349917507363
71677,0.016207054939685207
71679,0.013454712508745212
71681,0.09622386852540951
71685,0.015509874607596919
71686,0.008943507751779592
71688,0.012145928264954944
71691,0.010027172864853664
71693,0.021368165372525713
71694,0.009757599628251496
71695,0.015167959557451677
71696,0.015564017545830092
71697,0.011890384770991205
71698,0.008793669672924572
71701,0.016810015300729425
71705,0.00701502417315716
71708,0.04448724683494751
71709,0.017537879447773144
71710,0.02967046690273795
71712,0.02877105957012336
71713,0.03773417257618477
71716,0.032052426872050996
71717,0.013942092240543323
71719,0.0181064564626588
71721,0.013782773475964322
71722,0.011548378897624513
71723,0.018335997905726844
71724,0.024143848631828217
71725,0.015955232366081176
71726,0.013731966687843001
71727,0.015806272176475154
71728,0.02739944642057477
71729,0.038019536299949336
71730,0.07763575414030703
71738,0.03973435776851159
71740,0.014635807487236141
71742,0.014556604025151932
71744,0.08082078543864385
71745,0.01383024452951464
71746,0.011403463333672176
71747,0.03287499823056418
71750,0.01203220967913849
71752,0.01841763283919193
71753,0.036029332724122703
71754,0.023338577691696824
71755,0.021725911361050176
71757,0.017304222555286578
71759,0.017314193703007616
71760,0.015090043413710327
71761,0.03744130516240327
71762,0.011121689168432012
71763,0.009064108493911437
71764,0.023309280451687148
71765,0.026481938215014714
71768,0.12327346064030832
71769,0.02080597854205047
71772,0.014663864649596892
71773,0.027828483333861433
71774,0.015613285949273753
71775,0.014783773874146375
71776,0.017354567719736067
71780,0.012712785477103462
71781,0.019178318903142026
71783,0.008523732374275029
71784,0.01854670521377581
71785,0.009306465960769143
71788,0.03730606689733902
71795,0.02861128600479092
71796,0.018076011732092903
71797,0.020273562144638487
71800,0.08314582226662295
71804,0.05718559724445618
71805,0.010200813945290425
71810,0.2100127004143389
71811,0.017118186735208762
71812,0.03044351978457216
71814,0.010000685780048403
71818,0.0316455579034828
71819,0.011068769648652835
71822,0.015302066061574145
71823,0.042833481117136675
71825,0.106471165599573
71826,0.018013302581861974
71828,0.00976841747667995
71829,0.026023715173231775
71834,0.019954994717721337
71836,0.01617249361423152
71839,0.010745314634220156
71841,0.012767525165754431
71842,0.005748103353930924
71844,0.015940194595536545
71845,0.04903679979311724
71846,0.02405011745382269
71847,0.015568945505878229
71848,0.05193404772108809
71849,0.02096927233660589
71850,0.050547778490537244
71851,0.047678543901029324
71853,0.01074411342657885
71858,0.026006198576782928
71860,0.014415027675290237
71861,0.40277488127561345
71862,0.01461126949010658
71864,0.020266117489343136
71865,0.06275656010960265
71866,0.015391121313866163
71867,0.05240377377137387
71868,0.02006830730834016
71871,0.015006519912586133
71872,0.01537733782681762
71873,0.013482903399596995
71875,0.022442814194476243
71877,0.29145392997639097
71881,0.01695262370245352
71888,0.019033528092829766
71889,0.17702668716461742
71890,0.0114603903938995
71894,0.011409456985367872
71895,0.009910296563565369
71897,0.016562356055347928
71898,0.025745417700869765
71899,0.08752558601302733
71900,0.29217304984646153
71901,0.18730310155478322
71905,0.2239207071830578
71907,0.015226249854307124
71909,0.016872005816368163
71910,0.018352472818513006
71911,0.012294069425314705
71913,0.010569370068835434
71915,0.032308811255965686
71917,0.007176044756843443
71920,0.2509427660773414
71924,0.014199304247158819
71925,0.23957456409380623
71929,0.01005833352504077
71930,0.014999623313258409
71931,0.01706281048647954
71935,0.02043444504109287
71938,0.02041480671646198
71939,0.03314033462191572
71942,0.01651711834794461
71943,0.011739985053232154
71944,0.02184824529337346
71945,0.06271967721320984
71946,0.0053274394288865415
71950,0.0459883111667847
71953,0.010250526332408373
71958,0.01634458391921267
71960,0.010361421987639261
71962,0.032327320678224275
71965,0.01962967349585127
71966,0.010383887459299157
71969,0.015565346578032657
71972,0.018342393155244066
71977,0.014000696478748258
71980,0.0077424072338455165
71981,0.012854655117542656
71983,0.010565524588645254
71984,0.019899503065888904
71985,0.023181385808569984
71994,0.08244507306398098
72000,0.01915433625704715
72002,0.0381393778339618
72003,0.04173731502407324
72005,0.037913762692129496
72007,0.01255558204038802
72011,0.022823161467113065
72012,0.011895262343991013
72013,0.014411431207028754
72015,0.024886520490667457
72016,0.015988018465094938
72017,0.013721519469466292
72020,0.022786042224446423
72022,0.02481841162686533
72025,0.01508494189743076
72029,0.016245849696262537
72030,0.022475313470896756
72031,0.03601534233200788
72033,0.02003198732424122
72037,0.033340833909077355
72038,0.021595123393565896
72039,0.03032776832243893
72042,0.02040120615948783
72044,0.012344353293135397
72046,0.05414398490568321
72048,0.0631235869703694
72050,0.01349997596168421
72051,0.011813130225332138
72053,0.013054510502186478
72054,0.019952640675408695
72055,0.025547035100209736
72056,0.017346031768062837
72057,0.01651389815058723
72058,0.021584332818926064
72059,0.051541696655323904
72061,0.023522614482818904
72064,0.012423126252151171
72067,0.009088790964800555
72069,0.00958969053359313
72072,0.012508334524732514
72073,0.027718546818811047
72075,0.027844378073623808
72082,0.21466995982747472
72084,0.25948336234014524
72086,0.01706526095685036
72087,0.017364633116766854
72088,0.008999704654373167
72089,0.01763315131417034
72090,0.016786964586783505
72091,0.007858133472289548
72093,0.01457457149923707
72094,0.011929453506532952
72095,0.011887790859769577
72096,0.010854681532171695
72097,0.00841616811464435
72098,0.011382841105972175
72099,0.006406546451628313
72100,0.002997971963449684
72102,0.004386861723514179
72104,0.007505717114403884
72105,0.008890333725318483
72106,0.0027788148242881023
72107,0.009594369042140826
72108,0.01517496252722119
72109,0.010093572893816443
72110,0.011415351088293354
72112,0.025527983165616632
72113,0.021708171921240145
72114,0.02608517419638361
72119,0.07777782935449637
72121,0.009522987903274143
72122,0.008013587190972312
72125,0.021848266713182154
72126,0.03351224645839756
72127,0.02042987991197877
72128,0.016448184513679374
72129,0.009585879833319341
72130,0.008347991839948606
72135,0.008522454246095906
72137,0.015022023057530373
72138,0.029458978555991788
72141,0.010399942199786408
72142,0.010837415459123671
72143,0.012660962501486411
72145,0.020186652574308635
72146,0.012892590251939277
72147,0.016209077378734144
72148,0.00886845437840675
72149,0.020958906574261728
72150,0.015137122544235973
72151,0.011722337742529232
72152,0.024535553496615296
72154,0.009267451570159502
72156,0.012458380572068571
72157,0.013799149484318733
72158,0.01470382786751007
72159,0.011607026376249649
72160,0.013863877716616747
72162,0.009414849003445688
72163,0.011968130877592546
72164,0.02262214457739123
72165,0.012986469628009242
72167,0.015179690014005863
72172,0.01420993670643044
72173,0.011871695869967943
72175,0.04463406162998907
72177,0.03433723214958014
72180,0.015753812845316073
72182,0.01564261932084414
72183,0.01149956763545434
72194,0.009597134718366226
72196,0.007905056924641052
72197,0.011268871101094173
72202,0.010659659244489847
72204,0.011658411930857145
72206,0.0072515034941377865
72207,0.018455513790435557
72208,0.019297314994509106
72209,0.031348179211760516
72210,0.016520485356497198
72211,0.01038354604468829
72212,0.014456369791376867
72213,0.009888615714591846
72214,0.004220069673997829
72215,0.013001686928478577
72217,0.009710530400681065
72218,0.007629488727516381
72219,0.01859487724842425
72220,0.009511737419472052
72223,0.01528964588173397
37479,0.012983286732116335
39412,0.031908139314698124
44217,0.08022861969225775
44335,0.0352633103703285
44346,0.021594250197340875
44724,0.1501069664680645
44748,0.01646897112955503
44793,0.050658718274437256
44798,0.3143762429728106
44878,0.21065185358116714
45256,0.022729406346943506
45361,0.016182988337677433
45620,0.13421747799215
45823,0.02246110684949744
45840,0.06373508496743814
45908,0.01293465816816359
45926,0.0702670729456023
46101,0.03513756311945869
46136,0.01856548121243649
46155,0.016103103073112874
46351,0.010061771312336067
46366,0.02027341670666814
46503,0.02471403771276421
46582,0.025454801909337393
46727,0.09439250710726649
46922,0.03514753857991122
47236,0.022104935211333637
47242,0.014287378139503544
47402,0.04068585683765522
47423,0.016683178653457195
47514,0.03595330106304623
47555,0.03026422548597717
47558,0.011201272597034101
47670,0.010067986759900425
47970,0.007840830482513488
48071,0.07048312098385338
48363,0.06162205479844337
48369,0.013008837316164396
48588,0.025873551264437664
48958,0.012428468326564341
49180,0.03374807740141896
49380,0.04185984411118609
49472,0.03720071978917934
49485,0.015226665436474834
50171,0.03604465783194144
50172,0.06443234027043063
50219,0.0335712506506451
50224,0.1242153317615593
50231,0.10796031516136047
50256,0.05498216895976797
50258,0.0312148966255398
50298,0.00976514596234438
50300,0.014000122189624386
50314,0.06779565114140362
50351,0.03155580565940027
50363,0.01641294143453077
50369,0.0867329127578032
50426,0.07222243302395429
50430,0.030319925482625867
50454,0.12967572466281108
50457,0.013135828405076558
50472,0.06769780614552776
50491,0.037554078932819805
50542,0.013433858885389588
50551,0.02465381007789842
50569,0.04461596756578166
50592,0.1029467191430386
50594,0.14525264136917676
50618,0.0116773051236142
50630,0.019246194606778122
50666,0.007149149433840006
50688,0.0281951283872793
50699,0.016538992949895255
50741,0.04977100978788938
50782,0.10704913823369494
50797,0.08521577006231089
50851,0.046790324626394736
50856,0.027492038196491517
50858,0.010202948425451892
50870,0.06703267089140534
50878,0.044254519982746175
50892,0.017520915415532863
50896,0.010951895362444088
50909,0.016072856319777888
50927,0.10222207193381477
50939,0.03368776168338764
50941,0.015983516339164512
50942,0.0988899360799854
50947,0.014802647779626987
50951,0.014999128782086254
50986,0.008831220698986184
51001,0.03019615509605874
51013,0.02454925763188703
51020,0.014268508181452706
51025,0.09276041770897021
51040,0.03654497191113201
51051,0.03924821819493746
51100,0.05930457858588276
51105,0.012903165002112938
51153,0.00944820827895497
51181,0.09196450630014107
51240,0.047525930561096295
51241,0.046229862495539835
51302,0.012036770970801944
51317,0.03516329773386036
51320,0.10730720823570242
51356,0.2359523703803884
51379,0.020417406694543533
51383,0.055404580354397874
51415,0.0987436658753667
51416,0.03771128844073937
51430,0.01372028420264894
51457,0.005060272247249567
51484,0.05333850250091937
51487,0.014067080629058416
51522,0.012049487672742902
51548,0.029833041615919015
51573,0.049005327422577925
51627,0.030890473898121454
51655,0.08092550682261493
51682,0.018823182420196784
51685,0.02453064012070755
51686,0.0249681675395648
51703,0.09092102852851054
51733,0.1718386931087752
51783,0.026232945021701485
51800,0.0367799261624944
51844,0.02384685971869488
51861,0.012100144998271072
51868,0.11045189862986013
51881,0.10190807259181833
51885,0.024092593620467506
52027,0.03435053704030323
52091,0.02457371823442102
52092,0.02855017423509179
52147,0.12644308620264086
52175,0.04703973004229789
52260,0.014467107716177112
52262,0.016805870197491735
52344,0.019623201955174148
52346,0.09099705906577749
52348,0.013261759425586498
52351,0.024801459921117576
65430,0.010639882949584616
65434,0.029092069532545135
65446,0.01776635849400449
65449,0.01772163841828355
65460,0.011468440465215647
65525,0.0212946549433147
65527,0.020780497834479033
65530,0.21117265034858312
65537,0.02445116616566942
65544,0.02767304907780891
65553,0.01275452189180171
65556,0.03971128151532782
65562,0.008207336306038126
65576,0.005883039822408419
65582,0.06503123346945358
65587,0.01576660139329108
65599,0.012073889601221709
65606,0.008800830807266496
65608,0.03548871280471704
65618,0.03074875857156723
65634,0.017475274233972216
65665,0.01747599245897157
65704,0.06093602795740688
65723,0.025174722065925356
65731,0.17012586281612663
65735,0.023304615844015976
65738,0.015433837025772489
65764,0.022490561994709987
65783,0.01406776354881915
65803,0.1837014183854432
65808,0.011310949825779175
65827,0.09575520851717734
65833,0.02824972116446875
65863,0.021746446790262056
65899,0.03729187301098962
65998,0.015776420366584637
66003,0.009700175115409684
66024,0.02511209989419013
66034,0.03277139261630488
66043,0.013948766193552257
66074,0.018218453267965895
66079,0.022396231615302215
66090,0.019220372351982522
66094,0.02092114139645542
66101,0.010855638802025738
66104,0.017550521938029702
66136,0.029139126015974504
66223,0.020984692862179556
66227,0.01269138363527924
66233,0.028172686382534423
66241,0.02231102714252072
66268,0.011780810721090372
66276,0.027513292035527576
66277,0.04565293261285344
66298,0.08451137768817119
66303,0.02702221025703015
66313,0.027436712303274897
66336,0.010558354648829035
66340,0.07091056391207627
66358,0.02665488245856666
66374,0.011588842552978087
66427,0.024860546989337526
66436,0.01512464055963921
66438,0.13339623089557487
66443,0.01529084727272439
66448,0.0038614525863155504
66459,0.010656131636728818
66461,0.03330727396270401
66467,0.015108559083132495
66512,0.009654764307298022
66518,0.009882390835807308
66528,0.08674096652245324
66534,0.006535776063381621
66541,0.029017495510084923
66545,0.029967347024939753
66566,0.04732009277681551
66571,0.014927983701825536
66581,0.020253771571073987
66588,0.03530238649699808
66590,0.025232675112889014
66591,0.013363229191162097
66599,0.016811703937236914
66603,0.019064353169438712
66605,0.0101675465185489
66611,0.024818208504554882
66625,0.0051612563949811055
66638,0.019304801958484726
66678,0.02003216479106409
66683,0.010830322549630119
66687,0.006986778366228106
66691,0.010189474271816563
66696,0.047555216879326
67492,0.03257150533191526
67504,0.03995055906577054
67544,0.012275191454987473
67545,0.014396067566104596
67547,0.013243662356410762
67567,0.019159313296321742
67629,0.015780407741988953
67634,0.015247941282927929
67646,0.05795076337786306
67657,0.01939385115127942
67660,0.011840524262787337
67682,0.020682548328650203
67688,0.008871926020276328
67693,0.017852554239838593
67717,0.011941237552529245
67742,0.012380349782390289
67749,0.02971546482316956
67768,0.012807039779329937
67785,0.022065399475807868
67821,0.011790907671499928
67846,0.018690560780710942
67860,0.017282555753424488
67875,0.06115832361950735
67888,0.06169803686304597
67938,0.03994557242555106
68038,0.055472722586744
68053,0.03848793640062741
68063,0.010333973742749658
68065,0.01988509154199449
68090,0.011661601528074396
68110,0.019557367133420038
68137,0.009698664312775884
68139,0.011423605219478487
68153,0.015030066447985341
68174,0.018503134204311194
68178,0.01034729289414705
68208,0.02531819099125699
68234,0.013493775727546483
68287,0.013308379788636235
68307,0.025653201757536666
68383,0.04386056979119323
70282,0.016324577969232375
70302,0.018623125972421307
70311,0.017443372284759485
70332,0.017692518766563387
70361,0.005551846583505035
70367,0.009746030939204332
70393,0.0109588742097943
70416,0.009552586607665078
70441,0.01062227857465802
70443,0.030893028572877394
70447,0.014395372748833832
70465,0.012572642280170788
70475,0.016266114828827557
70490,0.011515116697833198
70492,0.018991657957252203
70515,0.009311726751433788
70519,0.01874603416382488
70523,0.017499625539879674
70530,0.018894031457936847
70533,0.048727379035731794
70572,0.013754498581204741
70609,0.029508094288066326
70635,0.024998243109701043
70653,0.13983570683385327
70678,0.009721969514664195
70680,0.020149110238195135
70688,0.010671649696636412
70697,0.013208811407593396
70718,0.013881964845013112
70747,0.017728321651556363
70750,0.020414879498441917
70751,0.011963212564660049
70765,0.008197841943517782
70768,0.018248204669082765
70771,0.011843706660422865
70776,0.015887001506981493
70793,0.011173539157282185
70815,0.015690243993140385
70822,0.01469989382395271
70828,0.016672122169556502
70831,0.023055035972886606
70835,0.00743628510779028
70847,0.011310574185536439
70851,0.013241960973212554
70853,0.1282396077563849
70854,0.014711249293427936
70883,0.02143690034293247
70886,0.013683267646065879
70890,0.01501521833614449
70891,0.011731430996234159
70898,0.010004096320374002
70900,0.08963971817330771
70906,0.01470831838922081
70908,0.010361233325914905
70925,0.05458971784551681
70952,0.007061473526437411
70991,0.012390533898047397
71029,0.039600834655617624
71079,0.018228087910133115
71083,0.01754990778919779
71088,0.020922417589691492
71093,0.0770066591210878
71124,0.024441528506654157
71149,0.02034280722975303
71155,0.010053302904866952
71161,0.016263186628420426
71162,0.017859235434964493
71165,0.0125165811032269
71178,0.009270699179038425
71186,0.010887722142787506
71188,0.00557148726306976
71195,0.009334604228025083
71210,0.010890556002381747
71215,0.011709539675925433
71222,0.022282657196127546
71223,0.007557509591103598
71225,0.015370074194005394
71235,0.01361957274244939
71254,0.01507338108278395
71293,0.012125986684580857
71295,0.023274293269082473
71319,0.008891878494708601
71326,0.02593269174118611
71332,0.01557564757246013
71357,0.013363146135676546
71362,0.0451881718375616
71373,0.010549381437514702
71375,0.014109138536731796
71392,0.01052030811781516
71401,0.01787169517554423
71418,0.03087801684608216
71430,0.02113207267515178
71459,0.010736368896791722
71460,0.015828120144500593
71480,0.01835688079851639
71482,0.017565512674371942
71510,0.006545071305878523
71515,0.027643419115091064
71536,0.014863745393912595
71544,0.013793661739245662
71552,0.03159122529225423
71554,0.01872454797035272
71556,0.008839190258957918
71560,0.021819323640186926
71562,0.018459637264267453
71578,0.0525292222425396
71580,0.02508311033363217
71600,0.012349195984147812
71611,0.032444868357624786
71653,0.009234415625429954
71687,0.0116092278334902
71702,0.01647447467890301
71714,0.014845809339157107
71720,0.012573751903104525
71743,0.008355413966480344
71749,0.011968781407257118
71792,0.01479427494222092
71802,0.00931584407095642
71813,0.01167832457444898
71832,0.026048576082138383
71835,0.01336636551580838
71857,0.012727807539150668
71921,0.0277360280767175
71922,0.026461720258847275
71932,0.009963214412768219
71951,0.020732087953422962
71955,0.009444024291702706
71961,0.011838580574032259
71976,0.019272883037472415
72023,0.010931892047700913
72024,0.010537642877244274
72036,0.02589568038493766
72060,0.01147038531426436
72071,0.007557295211115592
72074,0.009725579207473916
72077,0.010305887855399369
72079,0.013769312372521315
72116,0.012860754582902574
72139,0.01221172651660616
72144,0.007565358081613831
72155,0.03015165126933067
72170,0.009743189903898159
72229,0.012590998384253997
72230,0.017965461758849444
72233,0.013368345136855211
72236,0.013473994109232557
72237,0.01860492947993569
72239,0.10311544200057872
72242,0.018063869800538226
72243,0.011445469832474051
72247,0.009953404495726155
72248,0.012149163740816054
72249,0.011291227482106824
72253,0.019993332409393147
72255,0.014569375630674621
72256,0.00868911366820969
72257,0.03139171491761713
72260,0.016920351407723102
72261,0.01152212415423046
72262,0.022611966625073497
72265,0.006128174796076994
72266,0.016910990233763717
72267,0.030579278428145448
72272,0.008241554462483001
72274,0.038678962617644794
72275,0.004679425013577053
72276,0.013580841555540853
72280,0.010359863747983703
72289,0.014624410605831509
72290,0.019140560200074055
72293,0.009976338966075986
72295,0.012821532982057257
72297,0.057406449312471707
72298,0.009579869466283234
72302,0.01404180687815825
72307,0.028046395990396485
72308,0.010197350139443572
72309,0.026860322611556034
72310,0.06663744798491389
72311,0.01754087305504533
72312,0.009850553700044848
72313,0.012564333999936625
72314,0.018454750101299378
72315,0.012835144295161482
72321,0.031685747326002704
72322,0.013578003009119799
72324,0.01308316961716573
72325,0.012089788564340148
72326,0.013780484331779863
72327,0.008858090883586573
72328,0.026547518646509314
72329,0.017526848619539407
72332,0.008758013413885966
72336,0.02962469423340746
72340,0.006754855064056453
72341,0.12729730718016724
72342,0.00410873253745393
72344,0.01679759928373829
72347,0.30571257182291167
72349,0.020495947433436416
72352,0.005914610230539995
72353,0.028774755147174536
72354,0.015596147291104768
72359,0.03397602985955709
72360,0.027167092128311608
72365,0.24790924957726032
72366,0.016269910132810442
72367,0.014251648911170143
72368,0.015413435533734261
72371,0.006552930653166227
72372,0.39301665777674394
72376,0.009642364988829472
72377,0.021854793915346938
72378,0.0098545014534768
72379,0.022256139819277654
72380,0.00903666191495062
72381,0.011858049807217937
72384,0.019196417365889788
72386,0.010229698089021789
72390,0.016701215864487584
72392,0.0069583752054340675
72393,0.02441701038831525
72395,0.010284660482875945
72396,0.014227291024888926
72400,0.01566279250803718
72401,0.008049119681271408
72403,0.008611010349960575
72404,0.014096396807686783
72406,0.022459925852312816
72408,0.01483040876742907
72410,0.014419731025049525
72414,0.012799471694495943
72415,0.02854870885755279
72418,0.009777995719247581
72422,0.008863574789603429
72428,0.02024342239363484
72429,0.012800979164131638
72430,0.024782959343556107
72431,0.00803061795851258
72432,0.015297255072386952
72435,0.05709830554922007
72436,0.014322524696974499
72439,0.028525607452743903
72442,0.012177219476673383
72443,0.010868452964244471
72447,0.019462122624649667
72448,0.012729642431792337
72450,0.0945242538568482
72456,0.011483720057614985
72457,0.12487532879355524
72458,0.02542267695581947
72461,0.014904196603614488
72463,0.015217153454930207
72464,0.014623966221693874
72465,0.015981712011839917
72467,0.06618224057529391
72468,0.033969136638694816
72474,0.016234224855195996
72476,0.025911380759678432
72477,0.12643310778885866
72479,0.017267947077947873
72480,0.010778244987182608
72481,0.012248334149585611
72482,0.01301550249071967
72483,0.025270811981797172
72485,0.04669897721827495
72487,0.012037441561881754
72490,0.01072204446767713
72492,0.1740583017334639
72495,0.0169930263473722
72498,0.04178077910871895
72499,0.23881523902032056
72507,0.010079345738229184
72510,0.01161397873961046
72511,0.01065252441418621
72512,0.031260522522892444
72513,0.012092319508600112
72516,0.008163576865889982
72518,0.011700919084801066
72521,0.01247428941061994
72523,0.01341997927460677
72525,0.010773594961369941
72527,0.041524721502005445
72528,0.009470505784722829
72530,0.018295988735755185
72532,0.01713049449862395
72535,0.008714136323624427
72537,0.011492310379865707
72540,0.012645875020415994
72543,0.008587587880076186
72545,0.01446239829543491
72547,0.01722999659828474
72550,0.019391218223424257
72553,0.017777381510817217
72556,0.013989979122696151
72557,0.012383116286007497
72559,0.011690428463582923
72560,0.01698233028584475
72562,0.016553761616920588
72564,0.01166694976956461
72565,0.014493599826433095
72566,0.03805330237563118
72567,0.0516259116390674
72569,0.018990558265133073
72572,0.023949151117515766
72573,0.011068462956690067
72574,0.01589247121829984
72576,0.020620803278203127
72579,0.01645266560714912
72581,0.009194041600319324
72584,0.016296327033986695
72587,0.02148651613866392
72590,0.3139873793120625
72593,0.03907019664334122
72594,0.0163338972434805
72597,0.016260391241896415
72599,0.009501968898336731
72603,0.011524172978849079
72607,0.013877138835832767
72611,0.024950928113572184
72613,0.038452684746084355
72622,0.010414327508057793
72623,0.015785407652997366
72624,0.007401300757777671
72626,0.014031178570216737
72627,0.014303282154628286
72628,0.11903216236129095
72629,0.007846619037947391
72630,0.006748913592292987
72631,0.008092200968521231
72632,0.01733015340674074
72633,0.05578799859946627
72637,0.013938507668415314
72641,0.013518300593160545
72642,0.2434453566259286
72643,0.025582352407510316
72646,0.029468610242554327
72648,0.010706947276397752
72649,0.013134391262007614
72654,0.04177065747976452
72655,0.043335694310274904
72657,0.3842919933488685
72659,0.01287925060464736
72660,0.031043796252322647
72661,0.013788057484497358
72662,0.02713215080650006
72663,0.016390060738350535
72664,0.014691982017533342
72668,0.019152852641474837
72669,0.0229324605701214
72670,0.01226149290879789
72671,0.014057704455529145
72672,0.006584627815022975
72674,0.004772926839431717
72683,0.012544834393624053
72684,0.008602821135458925
72687,0.4439738785455811
72690,0.01170165291660827
72693,0.008796065884051503
72695,0.010566660201553259
72696,0.020573574680450717
72698,0.029342028803257203
72707,0.11930795123328963
72708,0.03414551546084992
72712,0.011636226847826408
72715,0.018179826974563995
72716,0.1556566174942034
72717,0.016036185328793324
72719,0.05529729978050044
72720,0.16394886116793234
72721,0.03084480983651247
72722,0.014860977046696417
72723,0.04832590544002037
72724,0.19040300059665854
72729,0.020525380850350175
72738,0.018774800123247552
72739,0.03433526950878421
72741,0.0239335222293344
72742,0.018983478890846506
72743,0.012109962318459455
72744,0.015402788346894543
72745,0.02684822144774485
72749,0.028396053368342413
72752,0.024034089076490545
72756,0.01975307392246103
72758,0.17887283288865094
72761,0.014282813396841882
72762,0.0748797952382605
72764,0.015554797149118837
72770,0.009671763102421923
72776,0.049968123676460634
72777,0.010842819461442145
72780,0.007761512963434584
72782,0.24897502906781854
72784,0.025433246682725223
72786,0.015397743073665211
72789,0.009662044868756579
72791,0.022478578508266456
72793,0.017747432162278
72797,0.013278120250894985
72800,0.009875085207416623
72801,0.010255410817284582
72802,0.022417628064090204
72806,0.017311372576964548
72807,0.032039015673057857
72811,0.021140213503644617
72812,0.030946505166247945
72813,0.016610671925786708
72818,0.007579406146006522
72820,0.016337943937103836
72821,0.08043804207339073
72822,0.02555890677259645
72825,0.012726070180635242
72828,0.01833678329942517
72829,0.12178734180021704
72837,0.013022611756727186
72839,0.01715568305203984
72840,0.019604935792662453
72844,0.015071841045327099
72846,0.010283167492474909
72848,0.024157514561026
72849,0.032994044628204114
72850,0.01461281160484056
72852,0.008585251706920058
72853,0.02446920934618703
72856,0.14313384732902076
72857,0.00979190759084553
72858,0.08423352254637521
72859,0.044797144670344353
72861,0.040164954850085643
72863,0.49364856529128964
72864,0.009732439431874745
72865,0.021598605739442
72870,0.6156886469707776
72871,0.01900754389795634
72872,0.014008865811655781
72874,0.012237854089162599
72876,0.010900967350078174
72877,0.010869665845153864
72878,0.047403678852518706
72880,0.03276213883207696
72883,0.014664555713750083
72884,0.0113301683275514
72887,0.014533527743891836
72889,0.04458020207020456
72890,0.013117642119847664
72893,0.023550672433570525
72899,0.07189121947635287
72900,0.012026488899457491
72902,0.03459083091117748
72903,0.013933918902608606
72904,0.03686418356176329
72905,0.013449101097207915
72913,0.06644898439559013
72914,0.010035936240495423
72917,0.055137789963123414
72922,0.01578489822915609
72925,0.1586618303423175
72927,0.08759463352729417
72928,0.024196266117487503
72929,0.018240359976457014
72932,0.008964759324176888
72934,0.01460991538493144
72935,0.02143166057263174
72938,0.013320915204766227
72939,0.049131322592813435
72942,0.011148329650414526
72943,0.05438511022243192
72944,0.3360442530444868
72947,0.012569091407808004
72948,0.013115921283993281
72950,0.013044864380104432
72951,0.009547884532867005
72952,0.012112701415955633
72953,0.0256721950564163
72954,0.017361705333375117
72956,0.018723941451931608
72957,0.01097882415982629
72958,0.029828154006633252
72961,0.011988022856624194
72963,0.030538768862504756
72964,0.029335991513016135
72967,0.01833269684817686
72972,0.011411391227314407
72973,0.01264332769855304
72974,0.030553742877929575
72976,0.021271032342863563
72978,0.009790469326412109
72980,0.013773684257076091
72981,0.02786870049567418
72983,0.012862155052215506
72985,0.07325783692143495
72986,0.008883003061578151
72988,0.01582169169130944
72989,0.020174118780285317
72990,0.03538638145607765
72994,0.0492869045864403
72995,0.030384259715313708
72996,0.029787585799057215
72997,0.01769530939713616
72999,0.016793522447218875
73000,0.01893319573245575
73007,0.011123245965117377
73010,0.010689381857532461
73011,0.009381580139616947
73013,0.01835925994039502
73019,0.007116221705095567
73020,0.02378055444489292
73021,0.010766355780785847
73023,0.010411538028645629
73030,0.029461508876520326
73031,0.011018938931759798
73033,0.007621809718077397
73035,0.01500063911026058
73036,0.00937340362910588
73037,0.1305998704237337
73038,0.00961350645419212
73039,0.009675728846374465
73040,0.013228811794315433
73043,0.008573340156231074
73044,0.024521288476265193
73046,0.012340816339504816
73047,0.012158236749345285
73048,0.012577824220457575
73050,0.008728125301345702
73053,0.01861879561235736
73055,0.01667090358778568
73056,0.021715009271707178
73058,0.014047215036573395
73060,0.02023840952253872
73062,0.014471833382452861
73063,0.008427720682338144
73064,0.01712913595632552
73065,0.014982794691317948
73067,0.014246805426332674
73068,0.01800586439176633
73071,0.00927792980112959
73076,0.0119696544493196
73078,0.009982194010932238
73079,0.011286189100689398
73080,0.017617877156858
73082,0.2135420100663914
73084,0.015278770677712291
73089,0.010710970862776394
73091,0.01029489231508724
73092,0.009256793166165334
73095,0.10880894670221247
73097,0.03915789002828744
73098,0.05091184039579807
73104,0.008133140871472318
73109,0.008320923638278147
73112,0.0724430156268322
73115,0.018223303040382225
73118,0.037075742037716936
73119,0.044592887026511874
73120,0.005944742782411126
73122,0.057061825691539135
73125,0.011833539546953617
73126,0.0278656333035112
73127,0.017058837198525214
73129,0.01835669101185479
73131,0.010724001070935005
73132,0.025489425008289074
73136,0.02600727425676169
73141,0.01346087931688265
73142,0.01929765122619414
73144,0.011781351380365237
73145,0.013453480769510754
73146,0.16374528254790996
73148,0.009413884509054579
73149,0.009033095817754142
73151,0.011536118999620582
73152,0.03551505174622245
73153,0.007130899104873503
73154,0.01792463119643878
73161,0.012585651326171454
73162,0.014544247269882416
73164,0.010745448881733694
73166,0.014584583358185799
73167,0.014524154599184672
73168,0.009368595244220665
73169,0.010727937314749927
73170,0.0073303084886094955
73171,0.005756734832186273
73173,0.006512780826593231
73175,0.036039005022084486
73176,0.052150799709118935
73177,0.02337268919461156
73180,0.012139190802062596
73184,0.019057543004831874
73186,0.017006789930894238
73187,0.01628785265058988
73189,0.04533787899664079
73193,0.014918277649811563
73194,0.014303816640640184
73195,0.01106314994768104
73196,0.018964993337532026
73197,0.005064376620146789
73199,0.009873570455488367
73201,0.012060967896579785
73203,0.02123452442115886
73207,0.028143259031392923
73208,0.01637365903315508
73211,0.03513100777178384
73213,0.18696303179108806
73218,0.015686189292573812
73220,0.06883351563022302
73225,0.02569913268452077
73226,0.04088255859281135
73228,0.012009582235546538
73229,0.011155421410362326
73232,0.03302181237557711
73235,0.4215568606242736
73242,0.021619444609585307
73243,0.011169010879377382
73246,0.013555644056308122
73248,0.02744433828371656
73252,0.02225574581556923
73253,0.020108070946412763
73254,0.009561678024014733
73255,0.008043675312454042
73257,0.012084312295361886
73258,0.040863763893734
73273,0.02407449554557603
73275,0.30585484360753246
73277,0.016873170379770024
73278,0.04368228124656489
73280,0.011113195593909005
73281,0.010428429254671679
73282,0.011011127789640954
73283,0.047934338832999655
73284,0.01720759541623851
73287,0.01563261248909047
73289,0.2542300113871117
73293,0.007554809208794402
73294,0.011115504432391314
73296,0.02915870782774157
73298,0.018808235849214944
73300,0.014741017051863125
73304,0.014014613798717487
73306,0.012564351829950925
73311,0.015014688844463317
73312,0.010388620947900159
73313,0.02371438184150732
73315,0.010013924266452867
73319,0.012974076932200583
73322,0.020202624142759792
73325,0.011594435697031275
73327,0.01585778998386702
73328,0.024868474808178564
73330,0.017713316197606417
73331,0.008140654086148894
73332,0.008749334771772494
73333,0.01336740957263386
73334,0.028713773289852428
73336,0.015296427003510435
73337,0.013847838275540935
73339,0.0196421767606291
73343,0.020100939179825347
73345,0.029394729490940283
73346,0.02687589050562022
73347,0.06470411093982184
73353,0.023376238438784443
73357,0.03135972616163027
73358,0.009522382933440201
73359,0.03883940204461724
73361,0.019765158462433527
73362,0.013177816078516102
73367,0.009852834777428989
73371,0.01327152387457739
73372,0.02047834718627281
73373,0.015868337986450883
73377,0.013455689754670897
73384,0.01660461388152322
73387,0.013682923355857727
73389,0.02592115112662446
73390,0.011138894574413315
73392,0.022999502082816668
73396,0.05564435122880257
73398,0.09866666410122515
73401,0.01946725305107656
73403,0.013821601750705874
73407,0.010729243907160985
73409,0.021158681578583787
73410,0.020954364144462483
73414,0.010862350947030282
73415,0.02198410564309876
73417,0.01476101192625373
73422,0.009220640361177708
73423,0.026300340346932287
73425,0.015773754060692393
73426,0.029618529153397563
73427,0.01598609071540408
73428,0.04462890787863233
73432,0.016184105968621097
73433,0.014961403374595282
73436,0.012080275278582398
73437,0.01940233561498144
73441,0.014453657642263891
73444,0.009909118497210209
73446,0.015807951280976132
73447,0.011963150643270536
73448,0.018232827193421012
73449,0.22589539064714445
73451,0.2555131444992142
73455,0.009890614902294008
73462,0.06251333004645346
73464,0.013386763324198286
73465,0.19744984355149647
73466,0.01024504074319434
73467,0.03211567502117906
73472,0.0474088092833333
73473,0.020368497168587813
73476,0.02050163765722298
73478,0.024181680022407174
73479,0.044368436103990154
73481,0.0332161592803235
73485,0.013092726973151246
73486,0.012773834397138709
73495,0.024134252846670534
73496,0.017693183678937525
73497,0.00990305442011366
73503,0.010698478736980804
73510,0.06700378551587279
73513,0.00954981677007265
73515,0.015414024786302117
73517,0.08840567483851863
73518,0.3903179677457339
73525,0.023668005886574476
73526,0.015038322705345391
73533,0.012368926717775479
73536,0.08523107780609221
73538,0.01574767259029686
73539,0.01263844283527729
73541,0.01028959692979983
73542,0.018207039827499567
73543,0.0335596197608118
73544,0.014141575236251994
73546,0.014577091389751584
73547,0.1222363279651558
73549,0.01624561244602156
73552,0.017037935552227223
73554,0.025281458255174697
73560,0.016029852914500202
73561,0.013298571632484544
73562,0.2015487492176904
73565,0.01370545273040446
73571,0.0529365963969309
73572,0.01891240397670632
73575,0.011758593563097448
73577,0.01494681864289216
73578,0.01660338885189888
73579,0.01499133099321071
73582,0.01647330415486042
73583,0.015629353467161874
73585,0.012600194558107125
73586,0.034316159326851677
73587,0.01713166749763881
73589,0.08710477289066591
73590,0.06119772123610559
73593,0.020539695719691223
73595,0.0641515126927248
73598,0.01265312517294755
73601,0.009836719977667182
73602,0.012260106806490308
73603,0.017763200099774498
73608,0.010019257170992484
73611,0.03210918461465164
73612,0.023131576168925878
73613,0.013008558849522237
73615,0.020289827934819416
73617,0.012915507739189482
73618,0.01080974263504119
73621,0.021707544395761568
73623,0.02403533078013903
73628,0.0203405160374995
73629,0.04589333016820526
73630,0.16528411697873668
73631,0.012517589274224913
73634,0.018664296551470463
73635,0.041810010175940666
73636,0.011568990707538883
73639,0.035935353713635744
73645,0.030071100227511784
73647,0.014021247170856848
73648,0.01164114131135869
73649,0.01831197042117887
73650,0.013672778757057344
73652,0.014432761567102643
73654,0.013363438063415929
73655,0.008721060134314548
73657,0.03270513842071752
73658,0.061146301471220715
73660,0.021038978831939403
73666,0.014231957341126868
73667,0.021456466439952193
73669,0.015769236373802422
73672,0.037116528660022234
73674,0.2380685861847538
73676,0.018264973217258555
73677,0.012424234939131428
73681,0.04031090130433072
73682,0.020250992549817357
73686,0.23033258461735617
73687,0.013857141229052706
73688,0.058312943526915274
73689,0.014215036267053935
73693,0.008813579062337814
73694,0.023539582504774555
73695,0.025158979905579273
73702,0.015069121199049624
73703,0.03322516563026412
73705,0.014859138046494948
73707,0.013715225814628303
73710,0.04928431865501979
73711,0.01829405875442196
73712,0.014888895686669937
73715,0.009774644791069561
73719,0.015556318493623541
73721,0.015673311572135435
73723,0.23336313551116322
73725,0.01024332227139364
73728,0.023770244875512932
73729,0.006645297960708545
73732,0.011518136107022108
73733,0.019930797972396528
73734,0.02540825630185168
73737,0.01736744640382219
73739,0.0122256219847691
73740,0.015771527644857224
73742,0.012447558963408661
73747,0.018021538506330592
73748,0.019531661524158198
73751,0.008105009018274656
73752,0.007675870600597195
73754,0.014286815475095457
73755,0.011761279975773243
73756,0.0184968886664597
73757,0.012222520196907253
73763,0.2421977153919408
73765,0.356428788780899
73769,0.013183687552008999
73772,0.02952774072169174
73773,0.025257027756637688
73777,0.01199025813998942
73783,0.016948337673139982
73791,0.013758797259067156
73792,0.07537964347793012
73793,0.009816659197734038
73799,0.013140284793727685
73803,0.010090398188575203
73807,0.015142266331386394
73809,0.02217048633035989
73813,0.00988180268696437
73814,0.08830503895996715
73816,0.016499085715976636
73817,0.012347241375812801
73819,0.013281356094608817
73822,0.020610742808349135
73823,0.007052282314831972
73831,0.055437388388245856
73834,0.008582955653306096
73836,0.010210322030289133
73837,0.009621264058898972
73840,0.0144226933290496
73844,0.009052696122448273
73848,0.0180781453665221
73853,0.014425321165670314
73859,0.011260432959408458
73860,0.010111009921423553
73862,0.016812066959597274
73863,0.012317426108265549
73871,0.014618945349785523
73874,0.012971039462636743
73876,0.01221955364949698
73878,0.012577824220457575
73882,0.010591484075967637
73883,0.010792993980147858
73887,0.01524495297433286
74060,0.01856777502115982
74061,0.04041483992947217
74062,0.011382086978108195
74063,0.04568213319023386
74067,0.01438330243522988
74072,0.006713001031566868
74073,0.015991828781249492
74074,0.03532479471557285
74075,0.016110820901726712
74076,0.010220872141520383
74081,0.014287981402356608
74082,0.02629282901545786
74084,0.008951410558245124
74085,0.021171416817208116
74086,0.015213057062187898
74087,0.020523599072243603
74093,0.014496701962802755
74094,0.024201737476126545
74095,0.013778790085058092
74097,0.03642713644402238
74098,0.01354472433241687
74102,0.010541827672764343
74107,0.0114913561356871
74108,0.008267806569946239
74109,0.005342523318312675
74110,0.0072486126675704796
74113,0.01765822928933275
74114,0.023571761783672734
74116,0.010262061797406179
74118,0.030879236537772862
74123,0.010008858650836864
74126,0.01657318078379708
74128,0.009217417718055879
74129,0.008148638827191631
74131,0.005564119246273088
74132,0.007697265727103099
74133,0.009549529227068872
74134,0.012259341748852015
74137,0.011350785579507132
74142,0.014322364414581809
74143,0.009391693486283107
74144,0.02962443985127512
74145,0.035974006352680256
74146,0.01777769729398326
74149,0.02943184666322736
74164,0.010682276661268733
74168,0.011732773689195113
74180,0.010218986632629904
74181,0.013844880542101453
74182,0.009939531580590803
74189,0.021140007357475864
74192,0.045161498839443266
74194,0.006221335373246416
74199,0.006870173071726745
74200,0.015330945988014136
74201,0.01435088080364994
74202,0.04822854922630732
74204,0.030905769697676694
74213,0.011744721696475773
74216,0.011929195002372254
74219,0.008910222324294673
74220,0.01273089301140002
74223,0.011734384662374416
74227,0.01298193736571081
74228,0.009240968286745104
74230,0.010787104914993122
74231,0.01555507733894855
74232,0.014271836270553439
74254,0.03553149262319642
50575,0.014219873485136772
50697,0.020356271982856156
50698,0.02469973578228081
52280,0.024103650901735923
65594,0.18127598235797968
65782,0.06100332201446213
65860,0.014215549099372208
66059,0.021654555148835387
66118,0.01612644950771047
66134,0.024343830713580906
66539,0.012977644845593835
66618,0.08344770622449471
70288,0.01509233707609222
70335,0.18801070741962958
70601,0.010665299145965784
70733,0.025070097653461843
70820,0.012579762668831573
71103,0.013437856750638254
71106,0.029374684597581194
71239,0.016920457699802938
71334,0.03601118018048297
71570,0.016946117865818403
71650,0.009912716931242372
71770,0.02551009599554841
71833,0.01175148660486446
71948,0.0073206329623526694
71957,0.0292721086966955
71986,0.007399437413242464
72263,0.024924603236786753
72273,0.0132275972303266
72300,0.006681234616943017
72374,0.019887444317068726
72411,0.014674094108031374
72471,0.02503718673409395
72578,0.00920752010522376
72636,0.017826721072255608
72658,0.019468281400502233
72688,0.027917724427079578
72691,0.009348787293071557
72750,0.048471377884059176
72854,0.01519885352951212
72855,0.010053379079277159
72866,0.009567293309625772
72968,0.04059472125296518
72982,0.06539564407661287
72984,0.013554718794588569
73072,0.06236686507923686
73250,0.012534902482697962
73318,0.02562425654272548
73341,0.0504957348500564
73348,0.011124377812368922
73395,0.016580324156759297
73408,0.029660007704023043
73584,0.01816446769634737
73678,0.017304782946906117
73759,0.03613918567062481
73785,0.013205459503685128
74138,0.016635630071437032
74256,0.014194785188853034
74257,0.008423360399559836
74261,0.01694623234144159
74262,0.011264288839756368
74263,0.011747023394172204
74265,0.048423624410141836
74274,0.012112878964358717
74275,0.03358457660915295
74282,0.029138292345652354
74283,0.011559124026678856
74284,0.011525209700260738
74285,0.007808145869600907
74288,0.01649888831680791
74305,0.0251125542943562
74306,0.10368326543828843
74312,0.011383438980548501
74319,0.0098622761448855
74320,0.225706685232958
74322,0.012779017791783294
74326,0.012787278243884176
74340,0.029284379505342836
74352,0.015486656292271053
74360,0.014196746029464571
74361,0.013115802179362349
74368,0.022919021185119848
74376,0.016844342779783722
74388,0.012830619902143875
74390,0.06579240187624573
74391,0.01065308397840813
74394,0.02279963850446445
74409,0.018627458317724117
74411,0.00895429437554785
74417,0.044848248202984844
74425,0.01169913989300436
74434,0.018105615734969542
74445,0.008331033660066527
74455,0.22145796821626113
74473,0.012024631452693325
74481,0.014860167617055713
74503,0.009155162929577671
74505,0.012581292477691823
74506,0.019332030454050582
74508,0.021590084183950996
74525,0.013236997420216619
74531,0.014198733263684258
74536,0.04398674960625115
74539,0.01076698260303866
74550,0.027145621838647785
74560,0.02328198224314562
74574,0.027228545861846865
74579,0.02016205742473107
74581,0.016854427112098738
74590,0.011985809179914202
74610,0.010770225673384341
74625,0.010603232849584573
74626,0.008524063883675072
74629,0.04113493951677877
74639,0.009574636459092161
74641,0.013486768073698693
74647,0.015102013284095417
74659,0.009407853483656456
74660,0.015140923044019598
74676,0.029132781991343615
74687,0.017145884569055556
74688,0.019008029998448854
74709,0.00893875129817779
74730,0.07788811202236604
74756,0.012750856615831177
74765,0.018795541864979205
74766,0.27026985150685334
74778,0.0800250154364821
74783,0.019916961050122195
74797,0.006758037773228104
74805,0.015771152178797206
74808,0.015381856099816158
74814,0.026990009088599293
74834,0.01386192793089993
74837,0.010806305702626792
74862,0.011608889525383945
74878,0.010488706665826719
74882,0.01675127816879682
74883,0.009614784772338864
74885,0.013694461715139666
74893,0.006521739479654226
74905,0.012902101256929376
74933,0.01096990802308415
74938,0.047838196019075345
74939,0.008268288480285541
74940,0.012569002940991003
74942,0.016457072867276604
74956,0.020944759761463722
74971,0.014728265134543053
74973,0.009581442596443609
74974,0.011892952937053685
74975,0.013167316306804639
74978,0.017980977129576477
74990,0.08990939858243072
74998,0.007867089275165417
75006,0.026637897882305053
75021,0.014040898862633325
75026,0.03119256298747192
75030,0.017442782862739915
75044,0.015653973185510178
75046,0.01130606266811975
75054,0.01280536226293338
75057,0.011858123991088782
75066,0.026595714800515858
75081,0.012794145475864207
75092,0.010937215966789916
75096,0.010869243266256648
75101,0.0117721954161784
75104,0.03414481757169071
75110,0.01904539050343111
75112,0.011447368168711454
75121,0.03641815712895735
75128,0.015739284211807723
75131,0.010880351059882245
75132,0.01560438168453792
75135,0.21709581992037008
75137,0.022430770714393977
75138,0.009770342560011986
75139,0.04235752522232908
75140,0.017887479834038763
75155,0.0340110315803273
75160,0.014339507726538038
75164,0.01147351225303375
75166,0.03491183165354265
75172,0.011194383054370755
75187,0.021908586437589504
75188,0.017861886793387415
75190,0.024503379442728228
75191,0.015728293616978865
75192,0.04835102420259727
75194,0.022884641732310272
75206,0.019811756379864542
75208,0.004453491598378468
75210,0.01182880122630007
75212,0.009463765286425783
75213,0.0073520051030118065
75215,0.008493047404767902
75220,0.00999811662688551
75225,0.01306018773545126
75229,0.01784150558120629
75230,0.015033143217834994
75246,0.04899760052840666
75248,0.012100174436770231
75255,0.02425352986316559
75259,0.010860787049537777
75271,0.017255771500936965
75272,0.010193218125074502
75275,0.02074947179338995
75288,0.0166847319477062
75291,0.015972526421454757
75292,0.00921053669745003
75293,0.015655295985920165
75294,0.030722282320151277
75305,0.011706071812887669
75306,0.014140257377935008
75307,0.019131892010283348
75312,0.04717048357757301
75314,0.01410826684430791
75319,0.01765340593443694
75324,0.016383447903472525
75326,0.028803703127799778
75335,0.10618963897279607
75344,0.010239038690901401
75348,0.02962814582365078
75353,0.011898728530091069
75357,0.08312013890325236
75370,0.012530697931537303
75382,0.012494432380102404
75388,0.17287475462578014
75389,0.007675965654324665
75400,0.020527865916157226
75402,0.05844156816677557
75414,0.020676933712777863
75425,0.03683931829650196
75430,0.010536551653010727
75442,0.010750929960694171
75443,0.032630649595564984
75447,0.024911857789483204
75449,0.014597705480012595
75452,0.07208869281265114
75469,0.03682648425785906
75491,0.009359435629168293
75502,0.07788971543534387
75508,0.020733883966112678
75514,0.008909112528679897
75518,0.013519474444476926
75526,0.03035266355791308
75535,0.013781735374641464
75548,0.017446792086106666
75556,0.010543798360092154
75563,0.013304907700399122
75624,0.015858923422751792
75625,0.02250230160022882
75626,0.020143009753384417
75629,0.11292297599902568
75632,0.039205488696969326
75633,0.010419572429342664
75645,0.01532411607726488
75647,0.012595517479431067
75650,0.017171372308758415
75657,0.008779182452864631
75671,0.01410863349706632
75672,0.012533278994870854
75677,0.013215772340157599
75686,0.12186839523520335
75708,0.013494524879874898
75731,0.012061192155369911
75736,0.014906139815002464
75738,0.016511431301091062
75763,0.010704853351420606
75764,0.009480946723070706
75765,0.01258416319891872
75786,0.012681663638744536
75790,0.010539703324732422
75795,0.01679275212705359
75816,0.034987549206354884
75819,0.011482274821139261
75825,0.01390360744151355
75827,0.01044041980847292
75835,0.03514829844143473
75836,0.029512133343670744
75844,0.013799350658854721
75851,0.012873482682109194
75855,0.018766319456997894
75856,0.01569727443654103
75866,0.014872634006088077
75895,0.04203913309435835
75902,0.01910105840817395
75905,0.010908794126374877
75906,0.014505262805224949
75919,0.009559827193008552
75928,0.03454826243114338
75931,0.021061618682003715
75934,0.03484290058932088
75942,0.019428849379908474
75945,0.013360239234076324
75946,0.009972637699323106
75948,0.0143384444748293
75966,0.025106048410082148
75967,0.008335781483607665
75971,0.01292229896894126
75978,0.016048685613060353
75988,0.011936248769595738
75993,0.01444796957872715
76004,0.012398805402246648
76008,0.015005714941128904
76017,0.03008736074093178
76019,0.01574347946653545
76038,0.00974089230409359
76044,0.01729159714376863
76047,0.013779183575443164
76054,0.01353820702666301
76056,0.0347909332964258
76057,0.013280268887954286
76062,0.020252987367892057
76065,0.01350903724542336
76079,0.011999297433061199
76087,0.026207643679555505
76089,0.0750127310895752
76093,0.01710609260088232
76099,0.4959477159729615
76103,0.023962883037798394
76112,0.019774346704287862
76116,0.013978548764772749
76120,0.07447954888776608
76123,0.013984264702221236
76131,0.026453045680819905
76138,0.00939893855771192
76143,0.010975766398116227
76146,0.009653470686627101
76147,0.008109470497601974
76164,0.04927998958312453
76167,0.012429976108448244
76173,0.007125597851682107
76177,0.048368086178545454
76180,0.005401045584142227
76186,0.008703982070305467
76206,0.008529610259973225
76216,0.23913580364195927
76221,0.5745325870374562
76222,0.38954899442648394
76227,0.04881249264660431
76234,0.01989330073516239
76240,0.016470386444062263
76253,0.042055758324489316
76265,0.010640301757707747
76266,0.028110665737296196
76278,0.009784591181191522
76280,0.010915009605959095
76285,0.005576285056776094
76290,0.011102938261977991
76294,0.010797569351389896
76295,0.009784222782360678
76296,0.028663379815460528
76307,0.00984207845554799
76318,0.010723757366994205
76323,0.00805940013021102
76324,0.009617404968895881
76325,0.01067219845230591
76327,0.020244183840611482
76329,0.018316900090509774
76330,0.02658060260695581
76331,0.011738387206777995
76333,0.019129488034027343
76335,0.009395782621094159
76342,0.017389287092736176
76345,0.03324365488868335
76347,0.074832081402453
76357,0.01825541743643763
76358,0.01849089938331057
76359,0.045428984457317384
76362,0.009849117059986413
76364,0.011671733395972484
76377,0.02502349528618051
76381,0.014654138351828315
76383,0.013102433110386032
76387,0.010738271450034599
76388,0.010532204833746344
76391,0.38407086745921765
76395,0.010301873077842832
76398,0.07778168216240651
76413,0.024483799242960732
76416,0.008739998878488156
76418,0.007835248013922855
76419,0.01102021032918155
76424,0.009610095153280892
76427,0.024175476428147324
76440,0.03846800815263144
76442,0.011320434551606239
76443,0.05654027022188286
76456,0.024980790070398672
76458,0.027299837916733304
76459,0.008434720385390974
76469,0.00932910698613328
76472,0.01058900209273903
76476,0.00939893855771192
76477,0.38678337413898767
76486,0.209286327368628
76487,0.22963025299888776
76490,0.011231476514336796
76492,0.09913541786630185
76512,0.06014621554232705
76515,0.008946429145924254
76516,0.012275360804555543
76524,0.04505794963544605
76526,0.011755654483288061
76527,0.009287916768954562
76529,0.018235029222060658
76533,0.012889964781112631
76541,0.012405823135600832
76544,0.0155516777187536
76547,0.009219119068203913
76557,0.014134704820048756
76568,0.010308704031317993
76578,0.013347816971672076
76582,0.03707716581615776
76585,0.00920141166496339
76587,0.02388241992733348
76590,0.011556444714508693
76591,0.012664041192777658
76592,0.018703478328952552
76594,0.022274516727967163
76608,0.010458304242933855
76610,0.012312944106720191
76618,0.01650207065874118
76638,0.03295533736104463
76646,0.025901656114660745
76660,0.018278724311445567
76663,0.01768646741497799
76672,0.015226304162413584
76682,0.012712372398750591
76690,0.028859296174762468
76696,0.012882879543218956
76700,0.021333516041459482
76707,0.010848750794949581
76710,0.018292718666495168
76711,0.01647380848104241
76712,0.02868206810118329
76716,0.013445769040366021
76718,0.013691051952098498
76725,0.16470852297096558
76728,0.010915134373492499
76734,0.045830156906142464
76742,0.010856657139947547
76744,0.008836897438299624
76748,0.030195032644444928
76751,0.009268169128049522
76762,0.011761609635687165
76765,0.00999798575904004
76767,0.024819109886326334
76768,0.02119224904280393
76769,0.010786395977897024
76771,0.030949158965122923
76786,0.3985841570707229
76787,0.1594080039340241
76798,0.013243588720791986
76799,0.09905106959702069
76800,0.010093864916344758
76801,0.014459498653797243
76808,0.015573048313117573
76816,0.016806103382002627
76817,0.017864169278984734
76827,0.014333753842844738
76829,0.08084969373741746
76830,0.022865405397213462
76831,0.04440640745127513
76841,0.009623786984038528
76843,0.013852987262592042
76851,0.011542762259360751
76852,0.010512354215642132
76854,0.01532884818634453
76861,0.018716050177132508
76862,0.01948524912722727
76869,0.01720874665482197
76871,0.01751013517407742
76881,0.012350132896011107
76882,0.015193931010426638
76884,0.013322891736953524
76900,0.025152983898540506
76902,0.012386276358320621
76906,0.008889077608365405
76913,0.009728656339663121
76916,0.013650882461863032
76917,0.013666493172140635
76918,0.04307681378181417
76930,0.015183293818299115
76936,0.019907338260038897
76938,0.014718124366379905
76948,0.030427434964391115
76957,0.007405697141247525
76958,0.015730377597137586
76959,0.009045731768769605
76966,0.00952119380424986
76972,0.24429838569778572
76975,0.14958147717814982
76979,0.012122677770245342
76987,0.015532692645643754
76989,0.01391546941091219
76994,0.009924801228554972
76996,0.01121417709616894
76999,0.014015452815914707
77007,0.008467389450936356
77010,0.011642807675919976
77013,0.01343004794203029
77022,0.014110785116635681
77024,0.06328839659876515
77027,0.010917304902875381
77030,0.012439922645638164
77039,0.009004014442094161
77049,0.01494179747741757
77058,0.00926306146784493
77061,0.02639243616713721
77069,0.024470657655941575
77072,0.008717226610538583
77076,0.017167864143643463
77077,0.039440745831967564
77080,0.019876917912025813
77081,0.13409400404466856
77084,0.3435390715959861
77109,0.02521777795750098
77124,0.013384603827375115
77136,0.012519775707554142
77137,0.011622603598754479
77138,0.00904803175906859
77139,0.021083470211125797
77148,0.01263519986605554
77154,0.016711907363920694
77155,0.397706868410142
77168,0.01621574863200333
77178,0.01110048859059795
77183,0.10530072279545775
77185,0.017766554862718727
77189,0.02551388233328244
77190,0.051921553378661674
77207,0.009411969061183537
77208,0.007560557336621926
77222,0.020994054814026487
77223,0.06275552811943767
77246,0.009348787293071557
77247,0.013438482867773908
77250,0.07332524580536397
77265,0.007993324292526692
77266,0.018658799417619703
77268,0.011672206773287013
77274,0.010296106444857572
77275,0.03547710824738736
77282,0.2740180295005889
77294,0.020700554091777727
77304,0.02836975280356928
77308,0.01719482679310394
77309,0.02049868404288473
77311,0.014162240625996296
77312,0.02286123188080998
77330,0.030076910121878058
77333,0.020113423003149285
77351,0.04869898076077319
77352,0.010178261098511724
77364,0.008042512270025365
77366,0.029249181205964103
77368,0.023610979136707132
77374,0.013536634263079762
77377,0.010980005770175405
77383,0.01217362235099347
77387,0.008663255037499809
77390,0.018531167266194998
77395,0.15969464438644326
77400,0.014330552692126033
77407,0.017041797682344026
77417,0.008808453179568054
77419,0.011115036254256002
77450,0.2945703056869828
77452,0.006420957546830362
77456,0.009758745731096473
77464,0.009817092587439357
77473,0.012755632836515112
77477,0.014638049187452092
77480,0.26517629361305334
77488,0.030763338307487526
77490,0.012126992034635421
77491,0.05570823278161658
77496,0.012132384215695347
77498,0.019089324703646507
77505,0.009992114931351593
77508,0.010625060711963244
77513,0.0325582165005367
77526,0.005241834841260987
77528,0.014069216792010397
77546,0.013304652653233679
77550,0.007218070525910926
77551,0.0197269418915781
77552,0.011360935032728477
77554,0.010764266876505908
77556,0.013633728567286197
77563,0.015514530896102316
77568,0.011373177806284428
77569,0.010743164594867169
77572,0.01364701701321002
77579,0.007936053328121324
77583,0.0102972803711514
77585,0.013125460410422648
77591,0.01575271433252528
77593,0.020082628751433518
77595,0.010701614948492965
77597,0.012497757747376234
77601,0.016277101851271097
77608,0.010579432300164634
77612,0.00972930623219189
77620,0.008585491265630957
77621,0.010845082703049331
77628,0.019131455355009874
77630,0.01418150008814439
77631,0.008754725371279299
77635,0.010161524765803672
77637,0.030246060351104196
77638,0.012724674485409433
77641,0.011768272581411336
77642,0.008171250196194524
77643,0.01017734449817262
77646,0.03461440486502948
77651,0.013232214716778528
77653,0.011845174888050829
77655,0.011537713698546318
77661,0.00994226639192523
77662,0.013713067301674322
77663,0.010835031124703118
77666,0.011848309716775592
77668,0.01066571507035273
77670,0.0023056812209448444
77673,0.01434432819524755
77674,0.008014651531275015
77675,0.022239780511369173
46572,0.00776881758771619
46574,0.053006866459673174
47768,0.02347171661941088
50450,0.051022273403525324
51171,0.011342633086679576
52036,0.10508653082293003
52221,0.016236930089005615
52242,0.01840110545506899
52301,0.020948615346001755
65445,0.02411563131969683
65801,0.005583741983703841
66126,0.011305604075012587
66435,0.011268790710936252
66640,0.007611360151550741
66661,0.011263540881186865
66668,0.02431860604433219
67586,0.03652807388000051
67622,0.012095850258712565
68255,0.017494035800732912
70245,0.008384804396343787
70529,0.02056893028815448
70576,0.010586792370629072
70737,0.046299576443736404
70818,0.04095915048193549
70841,0.01734865115634605
70956,0.01843969132135598
70964,0.011746235950791368
71001,0.00929823688329272
71472,0.021862596327554284
71521,0.015524668961124276
71903,0.015700808080088505
72200,0.019328072871659937
72246,0.013060771485903377
72252,0.026865814160168675
72270,0.009122794539322094
72370,0.02294737930585437
72375,0.012916311047779482
72405,0.015014198628395847
72502,0.011640163512321484
72517,0.007445668389712131
72615,0.01323404886796335
72699,0.05089828013628006
72831,0.017909864833079266
72833,0.009283763608014924
73032,0.010857119663767855
73108,0.0523284205208794
73114,0.00814161680946955
73137,0.0727831143809212
73265,0.01195243314794556
73321,0.009619276135540271
73363,0.009700338936576904
73380,0.10871001547400873
73381,0.016061404328465916
73388,0.012979383910343823
73488,0.014810853964483537
73492,0.010432265894327808
73563,0.02950755178257798
73736,0.012209453215813586
73771,0.0073537056115213165
73824,0.15801647310177497
74079,0.03195441091668387
74088,0.015567231349174688
74104,0.15791969420958707
74106,0.013905301482001314
74119,0.01153563515189381
74136,0.009940616138102378
74224,0.01404299868358542
74255,0.00976448849923798
74259,0.009210662696181376
74266,0.04290257647678427
74269,0.01452896535503829
74273,0.008779863018027308
74290,0.0187944412180195
74295,0.18782023507415876
74304,0.24014308837209722
74307,0.018361372642284636
74313,0.010048024603703163
74314,0.009547203824664162
74317,0.008765532352553899
74323,0.032000312331881525
74324,0.01807956612260996
74327,0.010812438742841685
74330,0.011629186548302388
74332,0.20239510631312205
74338,0.012996574183954073
74345,0.016214106657266227
74348,0.02075506945922251
74358,0.016203938834888573
74370,0.01992769517356382
74374,0.02873287570882189
74377,0.03485441455718586
74384,0.01397316775380141
74392,0.011745822116643968
74407,0.016559886133434922
74408,0.019404002844921563
74418,0.012777351555347807
74431,0.05423215469580026
74433,0.011472440233592512
74438,0.019631732344666624
74449,0.012292184086294556
74460,0.0257448710171915
74463,0.012423430556639272
74466,0.007781070018598336
74488,0.014702996364932554
74493,0.017820688532011415
74501,0.01279883812864162
74502,0.011624688638120724
74504,0.009893603344982788
74535,0.011717844519977233
74555,0.018507740081947017
74557,0.02882753127542118
74558,0.028299269128856625
74562,0.009160976079635239
74563,0.009369525996480116
74576,0.01494864942341334
74578,0.017875509492123725
74582,0.014507586308110942
74588,0.013942819055144202
74596,0.016087845138603365
74597,0.02065316783083082
74599,0.020665473666884975
74600,0.021208142070225904
74601,0.012125940586075714
74609,0.03529537577388936
74613,0.02630658873096506
74628,0.009289514862501761
74635,0.014821975215926209
74636,0.027831602470439133
74638,0.013337827820490306
74644,0.1727679714511028
74657,0.014385398989842344
74658,0.02377779964275787
74667,0.011630237679836519
74675,0.010935872987693817
74677,0.016475716541583633
74686,0.01590082479854603
74689,0.00818471892523589
74693,0.016289537574231967
74695,0.014038763908545901
74697,0.043534017920415065
74706,0.01276846603469698
74712,0.02070308432685252
74721,0.009119243952009502
74729,0.012365350808819116
74738,0.11549999520171184
74741,0.034286543743026046
74750,0.016666465933431948
74755,0.01783976328345645
74758,0.02005827804509854
74761,0.015441502212777071
74762,0.011581536412025115
74769,0.011103555902830527
74777,0.4509316014165795
74780,0.013437059139445375
74785,0.012386906519451209
74795,0.024981478983488598
74799,0.010440278970239468
74804,0.013966103837958788
74810,0.21294663817277015
74824,0.023298922517575676
74829,0.014690820900675756
74830,0.03673410634366242
74831,0.017303162067568975
74838,0.026283158457143536
74857,0.013615863282355754
74860,0.04887137577848941
74871,0.01574851126892075
74873,0.008522224999045851
74879,0.016609558333574723
74880,0.012023027594074661
74892,0.16214995522426473
74912,0.016234343308437024
74914,0.018873763866974463
74915,0.018295202403102485
74917,0.017401535783220224
74920,0.018108965772449404
74923,0.01686546787140411
74924,0.009846281053247084
74929,0.05509687809937886
74934,0.08123768415106751
74936,0.013149125328487603
74943,0.016683366490242088
74945,0.012278586913228615
74953,0.007792314071675518
74954,0.01597547802133149
74958,0.02019247507073074
74959,0.12295206365077133
74966,0.007049598038230299
74970,0.013719393756219752
74979,0.024679584422614434
74981,0.4500076019055984
74992,0.03876554086430373
75010,0.009594781674634543
75012,0.019082682956782972
75027,0.31675364955174107
75028,0.01365518560579845
75036,0.015290330104878869
75042,0.04024561827951332
75043,0.01972945866667322
75047,0.014135826843711079
75049,0.019488803139320478
75052,0.008765730427589928
75062,0.01210662741184401
75063,0.01005664427957075
75068,0.008541235973596484
75069,0.011460580739318818
75077,0.013759037857415352
75080,0.03669224112534568
75089,0.012454101099258772
75098,0.01204248638138469
75102,0.007200653078631989
75103,0.009485437960123756
75109,0.016906546752750592
75125,0.008098312563472218
75127,0.014741875526089942
75130,0.019062697046307673
75133,0.020920387977621527
75136,0.011132855986561895
75148,0.013763053555041533
75150,0.009845831255403979
75161,0.013786234748834461
75163,0.009028302132308708
75175,0.011920278836714556
75176,0.01581543769111868
75179,0.01779324946740612
75183,0.021021526340665155
75185,0.0123929309174345
75209,0.007470694636750629
75217,0.014392124532445058
75221,0.05751789718232838
75222,0.00732775958878535
75233,0.015471360446004591
75240,0.0071374149632024856
75249,0.023459768608609762
75252,0.010994026451587889
75258,0.010436199905869071
75262,0.034849564128784045
75263,0.11275565109595552
75264,0.010411391506332263
75266,0.2562884579137788
75268,0.4705021454104384
75269,0.28956668846633105
75273,0.270122823369103
75296,0.03256993270749694
75318,0.007708506016810863
75320,0.010467101470356384
75321,0.019836500058881098
75325,0.02354886138482662
75333,0.013414224701392237
75338,0.014016074353552573
75341,0.01528814251430932
75342,0.012929357378891025
75345,0.013119228523808776
75346,0.027997212406778445
75349,0.014289642762948819
75362,0.01803946980670225
75363,0.07126922056261206
75365,0.015464339913386837
75366,0.0152538517941422
75387,0.0102950832777031
75407,0.01096439854659226
75408,0.005280022261718824
75416,0.0074224864052916725
75422,0.012641085268576654
75440,0.06879947529304367
75460,0.00968844199514859
75462,0.006739477514297527
75463,0.010587270975450036
75465,0.01335315613104318
75485,0.019217640651654606
75489,0.007779750361987154
75493,0.016122714275930553
75495,0.01433316356032771
75496,0.01278411762094098
75498,0.017254744592166624
75503,0.02277939956758264
75516,0.015287903905030176
75520,0.01713327893260169
75529,0.015140147696801368
75532,0.021083391544865576
75538,0.035918116391291756
75544,0.013803674291983557
75560,0.01322927430498675
75566,0.014871620478006843
75567,0.051360158636405986
75568,0.14100689416103396
75570,0.028055568930059265
75574,0.011398280081652029
75579,0.01196100470187668
75599,0.021062878236304847
75603,0.015672384759117513
75607,0.3658218753806457
75608,0.012254523068821419
75609,0.38635507108286254
75610,0.30594190980091557
75611,0.012929309654924117
75613,0.0354095710970403
75615,0.14567270096427584
75627,0.01352390829767275
75630,0.014763769620251473
75635,0.014265697920332991
75636,0.018667292667940354
75637,0.011546626140449365
75638,0.4631612896698939
75651,0.025694819006476986
75653,0.018083333923834457
75664,0.01474377940964375
75669,0.019267021658681913
75682,0.01245615215592302
75692,0.04974078713996655
75698,0.015562084107189676
75718,0.023314277357256784
75727,0.009487011378678814
75729,0.022853509423303643
75732,0.03376619657960995
75741,0.009642690746632609
75747,0.062772455144593
75750,0.5345682632376291
75766,0.008548825658599114
75767,0.018068473704552567
75769,0.02229505850650147
75775,0.029723537438671434
75777,0.013366337803369552
75778,0.01274050553534409
75783,0.010440409323675025
75789,0.020456223472149718
75791,0.011247124098333408
75799,0.015298794513877468
75802,0.008903011511988364
75803,0.014631411079358102
75814,0.02576123184759833
75823,0.06485364302336108
75826,0.014184197231538988
75830,0.011448169086907841
75831,0.009054009502385678
75832,0.010671054419097707
75833,0.025858150814920558
75837,0.014366072044054544
75841,0.013576597995647062
75843,0.03356342405609365
75847,0.011851385997371502
75848,0.017258544832483888
75850,0.026587617312071668
75853,0.01596604486105017
75857,0.01418846865586855
75859,0.009851371453791908
75860,0.006771470002482437
75861,0.009901370996701341
