pid,label
27085,0.51
30747,0.92
32932,0.14
33635,0.71
33955,0.6
33978,0.2
35307,0.82
35623,0.86
36023,0.74
36331,0.74
37217,0.87
37832,0.99
38303,0.23
38546,0.02
38682,0.21
38683,0.52
38713,0.01
38754,0.87
38755,0.29
38767,0.37
38781,0.01
38791,0.63
38828,0.59
38829,0.2
38904,0.32
38914,0.75
38945,0.57
38948,0.21
39002,0.88
39010,0.48
39011,0.9
39014,0.58
39015,0.41
39038,0.91
39085,0.59
39106,0.79
39110,0.14
39113,0.61
39116,0.61
39147,0.46
39148,0.61
39158,0.5
39205,0.54
39234,0.63
39268,0.02
39272,0.5
39275,0.06
39283,0.2
39296,0.72
39306,0.38
39316,0.17
39327,0.03
39341,0.88
39345,0.59
39346,0.13
39363,0.08
39364,0.89
39366,0.52
39435,0.01
39475,0.83
39476,0.91
39479,0.59
39482,0.7
39483,0.43
39511,0.07
39513,0.46
39644,0.34
39649,0.77
39651,0.8
39674,0.35
39685,0.49
39718,0.03
39730,0.01
39731,0.05
39734,0.53
39769,0.03
39770,0.53
39778,0.92
39779,0.62
39780,0.17
39798,0.89
39819,0.43
39898,0.33
40004,0.73
40009,0.61
40044,0.99
40055,0.13
40082,0.94
40083,0.47
40100,0.14
40101,0.71
40103,0.77
40142,0.86
40147,0.61
40148,0.39
40150,0.84
40153,0.79
40154,0.81
40178,0.52
40190,0.23
40193,0.25
40194,0.88
40195,0.59
40204,0.4
40221,0.28
40253,0.14
40317,0.44
40350,0.64
40407,0.88
40467,0.7
40472,0.08
40473,0.87
40476,0.0
40490,0.07
40497,0.87
40579,0.62
40580,0.1
40583,0.8
40601,0.07
40634,0.34
40697,0.34
40718,0.32
40722,0.04
40731,0.4
40736,0.27
40776,0.06
40809,0.72
40843,0.71
40845,0.11
40856,0.33
40857,0.32
40869,0.47
40947,0.22
40953,0.61
41007,0.87
41088,0.36
41105,0.98
41148,0.43
41156,0.85
41174,0.9
41223,0.34
41238,0.64
41246,0.98
41254,0.46
41257,0.77
41264,0.02
41310,0.0
41473,0.04
41474,0.89
41476,0.13
41498,0.26
41514,0.08
41520,0.78
41522,0.14
41524,0.89
41532,0.41
41548,0.76
41558,0.5
41570,0.62
41582,0.95
41634,0.51
41636,0.95
41645,0.03
41663,0.93
41697,0.22
41728,0.14
41742,0.42
41781,0.28
41829,0.35
41854,0.12
41924,0.31
41936,0.7
41943,0.58
41974,0.85
41975,0.27
41998,0.65
42008,0.41
42030,0.44
42031,0.61
42053,0.56
42066,0.05
42124,0.27
42128,0.27
42129,0.43
42142,0.83
42146,0.29
42179,0.61
42192,0.74
42231,0.91
42289,0.88
42314,0.61
42323,0.96
42359,0.0
42360,0.26
42362,0.61
42369,0.76
42378,0.02
42403,0.69
42413,0.71
42424,0.26
42437,0.08
42438,0.61
42443,0.36
42446,0.96
42448,0.5
42499,0.43
42509,0.23
42556,0.78
42613,0.58
42631,0.31
42660,0.95
42665,0.87
42670,0.51
42696,0.61
42721,0.57
42735,0.51
42747,0.11
42749,0.38
42750,0.01
42759,0.02
42793,0.55
42798,0.8
42799,0.58
42806,0.01
42812,0.01
42837,0.91
42876,0.53
42953,0.86
42955,0.95
42956,0.96
42957,0.0
42968,0.18
43014,0.01
43052,0.52
43061,0.43
43065,0.89
43103,0.31
43109,0.69
43122,0.31
43138,0.67
43146,0.54
43149,0.74
43151,0.55
43153,0.16
43158,0.37
43188,0.23
43199,0.68
43201,0.97
43213,0.69
43240,0.85
43248,0.1
43276,0.15
43284,0.96
43315,0.72
43384,0.58
43388,0.69
43396,0.79
43413,0.92
43463,0.02
43501,0.19
43539,0.58
43556,0.35
43559,0.18
43562,0.89
43563,0.66
43569,0.18
43570,0.19
43571,0.95
43575,0.7
43580,0.51
43587,0.32
43593,0.39
43602,0.38
43605,0.81
43612,0.0
43622,0.1
43629,0.91
43652,0.56
43661,0.88
43664,0.49
43715,0.22
43736,0.3
43746,0.93
43771,0.41
43774,0.98
43818,0.06
43822,0.15
43837,0.89
43851,0.59
43871,0.01
43872,0.0
43874,0.47
43986,0.11
43991,0.68
44022,0.36
44024,0.31
44032,0.08
44033,0.98
44043,0.18
44059,0.47
44156,0.79
44195,0.02
44197,0.19
44198,0.23
44202,0.53
44203,0.32
44211,0.23
44212,0.74
44214,0.71
44215,0.35
44216,0.37
44218,0.83
44219,0.98
44222,0.88
44288,0.98
44294,0.24
44306,0.92
44310,0.17
44311,0.81
44312,0.65
44314,0.53
44324,0.34
44325,0.79
44326,0.6
44327,0.4
44330,0.99
44332,0.32
44338,0.67
44344,0.32
44345,0.13
44347,0.2
44348,0.47
44350,0.19
44412,0.07
44417,0.06
44418,0.66
44419,0.16
44420,0.32
44421,0.47
44423,0.75
44510,0.58
44511,0.85
44513,0.21
44517,0.29
44541,0.37
44542,0.5
44545,0.53
44546,0.07
44613,0.26
44624,0.26
44628,0.97
44658,0.2
44685,0.29
44693,0.96
44694,0.27
44696,0.63
44701,0.96
44703,0.68
44704,0.6
44705,0.47
44706,0.18
44708,0.03
44709,0.34
44710,0.63
44711,0.48
44716,0.16
44717,0.43
44719,0.91
44721,0.29
44722,0.92
44747,0.45
44749,0.05
44751,0.98
44754,0.36
44755,0.23
44756,0.92
44757,0.45
44784,0.52
44786,0.94
44791,0.98
44792,0.59
44794,0.96
44796,0.62
44797,0.84
44799,0.31
44819,0.86
44827,0.32
44828,0.66
44845,0.17
44846,0.24
44848,0.94
44849,0.53
44859,0.57
44861,0.66
44862,0.45
44864,0.23
44865,0.31
44913,0.46
44920,0.85
44922,0.22
44937,0.65
44940,0.26
44941,0.01
44943,0.89
44944,0.16
44947,0.32
44948,0.08
44957,0.42
45017,0.47
45021,0.38
45028,0.92
45032,0.41
45034,0.25
45062,0.98
45063,0.49
45066,0.24
45067,0.23
45068,0.12
45080,0.59
45081,0.06
45082,0.56
45084,0.35
45086,0.44
45089,0.19
45090,0.64
45105,0.07
45146,0.15
45147,0.13
45181,0.75
45184,0.86
45187,0.14
45190,0.91
45227,0.97
45232,0.65
45240,0.31
45251,0.86
45252,0.62
45253,0.85
45254,0.5
45262,0.24
45264,0.57
45266,0.62
45267,0.61
45268,0.21
45272,0.57
45279,0.57
45286,0.85
45289,0.48
45304,0.51
45305,0.41
45309,0.69
45310,0.14
45311,0.53
45312,0.59
45314,0.96
45343,0.07
45345,0.52
45347,0.59
45352,0.04
45354,0.67
45359,0.05
45389,0.95
45394,0.93
45452,0.46
45455,0.98
45459,0.54
45461,0.39
45463,0.51
45472,0.15
45475,0.12
45476,0.29
45477,0.18
45478,0.16
45479,0.62
45480,0.18
45481,0.91
45482,0.57
45492,0.54
45520,0.89
45524,0.89
45526,0.61
45528,0.22
45530,0.08
45531,0.11
45532,0.0
45533,0.57
45534,0.0
45535,0.33
45538,0.95
45539,0.47
45542,0.88
45562,0.0
45566,0.15
45568,0.6
45571,0.63
45572,0.62
45589,0.68
45619,0.21
45629,0.92
45642,0.66
45644,0.75
45645,0.25
45646,0.15
45647,0.5
45648,0.85
45692,0.56
45693,0.28
45695,0.77
45696,0.91
45699,0.68
45700,0.46
45705,0.93
45731,0.61
45734,0.68
45736,0.75
45744,0.15
45745,0.89
45746,0.89
45811,0.47
45814,0.84
45815,0.38
45817,0.99
45818,0.32
45825,0.93
45828,0.22
45830,0.09
45833,0.68
45834,0.99
45835,0.33
45838,0.51
45841,0.94
45843,0.09
45850,0.18
45853,0.57
45854,0.95
45864,0.0
45896,0.68
45906,0.03
45909,0.15
45911,0.23
45912,0.79
45914,0.01
45915,0.91
45916,0.31
45925,0.9
45930,0.83
45934,0.23
45936,0.11
45937,0.49
45951,0.34
45994,0.32
46004,0.32
46006,0.6
46010,0.5
46023,0.42
46050,0.11
46052,0.66
46055,0.64
46089,0.32
46092,0.39
46138,0.73
46142,0.42
46146,0.43
46150,0.28
46151,0.12
46153,0.11
46154,0.94
46158,0.45
46159,0.01
46161,0.34
46163,0.86
46166,0.8
46168,0.89
46170,0.07
46172,0.92
46178,0.25
46179,0.73
46261,0.89
46263,0.33
46265,0.06
46267,0.67
46268,0.57
46269,0.74
46270,0.28
46272,0.35
46273,0.88
46276,0.2
46289,0.35
46292,0.09
46294,0.72
46309,0.23
46316,0.63
46348,0.98
46349,0.48
46352,0.98
46354,0.35
46356,0.81
46357,0.95
46358,0.23
46362,0.22
46374,0.61
46376,0.95
46382,0.36
46400,0.11
46403,0.54
46423,0.12
46427,0.22
46431,0.88
46500,0.98
46504,0.29
46507,0.16
46509,0.61
46552,0.83
46558,0.88
46564,0.85
46567,0.12
46568,0.58
46569,0.18
46573,0.48
46583,0.99
46593,0.11
46595,0.6
46596,0.18
46598,0.75
46599,0.08
46600,0.7
46645,0.27
46648,0.77
46651,0.94
46652,0.51
46654,0.82
46655,0.15
46713,0.68
46714,0.98
46718,0.11
46769,0.24
46770,0.51
46772,0.84
46787,0.99
46789,0.52
46793,0.22
46810,0.15
46814,0.56
46815,0.38
46816,0.52
46832,0.41
46843,0.57
46844,0.38
46888,0.13
46912,0.94
46913,0.04
46914,0.34
46916,0.86
46918,0.92
46923,0.74
46973,0.17
46975,0.75
46982,0.08
46985,0.73
46987,0.57
46995,0.16
46998,0.06
47006,0.45
47010,0.12
47011,0.39
47012,0.41
47013,0.08
47026,0.49
47052,0.26
47057,0.65
47058,0.04
47060,0.28
47061,0.36
47099,0.37
47100,0.82
47101,0.07
47102,0.64
47104,0.85
47106,0.16
47176,0.7
47187,0.88
47188,0.44
47189,0.03
47191,0.35
47192,0.69
47194,0.3
47195,0.18
47196,0.6
47198,0.53
47201,0.38
47202,0.9
47204,0.73
47205,0.89
47207,0.18
47210,0.38
47212,0.66
47219,0.44
47220,0.12
47223,0.91
47224,0.57
47228,0.19
47235,0.91
47237,0.71
47238,0.6
47239,0.38
47294,0.0
47299,0.02
47324,0.76
47326,0.91
47329,0.61
47330,0.62
47331,0.24
47357,0.55
47404,0.32
47405,0.37
47407,0.05
47408,0.57
47421,0.43
47422,0.44
47424,0.31
47425,0.44
47427,0.6
47428,0.46
47430,0.2
47484,0.79
47485,0.84
47491,0.74
47494,0.35
47506,0.98
47507,0.18
47508,0.19
47510,0.56
47515,0.17
47549,0.46
47550,0.48
47566,0.13
47568,0.14
47578,0.3
47580,0.0
47581,0.53
47585,0.02
47590,0.15
47592,0.86
47593,0.56
47600,0.74
47601,0.11
47609,0.73
47637,0.95
47639,0.15
47640,0.71
47641,0.75
47671,0.23
47672,0.27
47674,0.07
47675,0.91
47676,0.35
47678,0.89
47679,0.07
47689,0.57
47690,0.59
47751,0.49
47769,0.27
47771,0.91
47772,0.4
47773,0.99
47774,0.63
47778,0.26
47780,0.62
47781,0.16
47782,0.72
47827,0.32
47843,0.83
47889,0.76
47891,0.91
47892,0.28
47898,0.12
47899,0.45
47901,0.34
47902,0.05
47904,0.81
47905,0.68
47909,0.46
47911,0.24
47913,0.65
47914,0.09
47918,0.55
47972,0.29
47974,0.04
47976,0.32
47979,0.64
47980,0.17
47984,0.95
47996,0.48
47997,0.1
47998,0.84
47999,0.25
48002,0.62
48003,0.88
48004,0.85
48032,0.58
48036,0.26
48044,0.48
48051,0.76
48075,0.32
48080,0.97
48083,0.98
48087,0.0
48088,0.2
48091,0.54
48097,0.05
48098,0.91
48099,0.8
48114,0.68
48120,0.94
48123,0.04
48125,0.02
48145,0.52
48147,0.22
48150,0.52
48153,0.36
48159,0.73
48164,0.73
48168,0.82
48170,0.16
48171,0.84
48176,0.77
48177,0.72
48178,0.0
48179,0.5
48182,0.44
48183,0.76
48184,0.03
48186,0.61
48187,0.64
48212,0.31
48215,0.33
48217,0.91
48218,0.94
48219,0.71
48260,0.38
48263,0.25
48280,0.33
48285,0.53
48287,0.02
48289,0.49
48295,0.11
48297,0.64
48298,0.53
48318,0.04
48368,0.93
48372,0.93
48376,0.56
48377,0.16
48379,0.46
48402,0.22
48427,0.78
48432,0.84
48433,0.13
48434,0.65
48446,0.74
48454,0.5
48475,0.37
48486,0.63
48489,0.97
48492,0.37
48494,0.49
48495,0.97
48510,0.81
48515,0.29
48517,0.78
48524,0.9
48538,0.5
48571,0.62
48575,0.97
48576,0.51
48580,0.37
48597,0.96
48612,0.87
48616,0.78
48618,0.29
48619,0.5
48621,0.8
48658,0.04
48685,0.28
48728,0.03
48732,0.09
48738,0.55
48741,0.16
48742,0.73
48743,0.16
48748,0.83
48762,0.87
48763,0.68
48778,0.33
48780,0.05
48787,0.52
48809,0.65
48812,0.76
48815,0.42
48816,0.74
48817,0.22
48819,0.54
48821,0.79
48824,0.94
48832,0.74
48838,0.15
48839,0.07
48845,0.03
48846,0.03
48904,0.55
48911,0.24
48912,0.66
48914,0.95
48917,0.66
48918,0.26
48923,0.92
48924,0.31
48926,0.49
48927,0.6
48929,0.5
48952,0.18
48953,0.2
48954,0.04
48955,0.81
48956,0.91
48957,0.41
48967,0.6
49007,0.21
49010,0.2
49012,0.69
49014,0.0
49015,0.04
49016,0.11
49019,0.89
49024,0.45
49025,0.33
49028,0.48
49036,0.77
49037,0.89
49039,0.44
49040,0.26
49044,0.72
49147,0.25
49178,0.46
49181,0.85
49182,0.55
49183,0.93
49184,0.62
49186,0.47
49188,0.6
49192,0.8
49193,0.25
49194,0.35
49216,0.0
49218,0.07
49236,0.98
49244,0.51
49245,0.78
49246,0.46
49250,0.55
49262,0.85
49265,0.13
49267,0.89
49268,0.27
49270,0.86
49271,0.77
49273,0.87
49276,0.01
49277,0.25
49278,0.13
49279,0.58
49281,0.55
49287,0.06
49373,0.02
49374,0.22
49375,0.17
49376,0.37
49378,0.98
49379,0.14
49404,0.63
49405,0.88
49446,0.27
49449,0.73
49450,0.38
49451,0.56
49452,0.16
49454,0.85
49455,0.89
49466,0.43
49469,0.24
49473,0.16
49474,0.12
49475,0.83
49476,0.24
49477,0.67
49478,0.09
49480,0.66
49481,0.17
49482,0.99
49484,0.85
49511,0.33
49529,0.07
49540,0.39
49544,0.82
49545,0.41
49546,0.4
49547,0.05
49548,0.51
49558,0.25
49587,0.63
49588,0.97
49591,0.58
49641,0.55
49644,0.58
49654,0.69
49670,0.32
49674,0.52
49675,0.21
49676,0.2
49679,0.69
49686,0.69
50173,0.03
50178,0.93
50179,0.74
50182,0.61
50187,0.61
50189,0.93
50190,0.94
50191,0.23
50192,0.54
50194,0.08
50195,0.02
50199,0.3
50200,0.39
50201,0.35
50205,0.23
50206,0.94
50207,0.05
50208,0.65
50211,0.83
50212,0.91
50217,0.74
50220,0.03
50225,0.78
50226,0.05
50227,0.93
50228,0.5
50229,0.61
50230,0.56
50232,0.65
50233,0.78
50234,0.74
50235,0.07
50237,0.25
50239,0.5
50242,0.44
50244,0.43
50245,0.04
50247,0.69
50248,0.25
50249,0.67
50250,0.18
50252,0.83
50253,0.96
50254,0.19
50259,0.11
50264,0.46
50266,0.0
50267,0.89
50270,0.13
50274,0.63
50276,0.37
50277,0.36
50286,0.1
50288,0.99
50290,0.76
50296,0.02
50303,0.32
50307,0.05
50312,0.49
50313,0.09
50316,0.04
50318,0.22
50319,0.09
50320,0.43
50324,0.01
50325,0.12
50326,0.39
50327,0.01
50334,0.83
50339,0.64
50342,0.62
50343,0.72
50344,0.16
50352,0.08
50353,0.74
50355,0.14
50358,0.23
50366,0.37
50367,0.34
50368,0.93
50371,0.94
50372,0.48
50373,0.68
50374,0.61
50375,0.59
50377,0.49
50379,0.77
50382,0.74
50388,0.08
50390,0.33
50396,0.75
50399,0.98
50400,0.34
50402,0.0
50409,0.39
50412,0.63
50413,0.21
50414,0.59
50416,0.63
50417,0.92
50422,0.71
50423,0.1
50425,0.13
50427,0.59
50428,0.29
50433,0.34
50434,0.84
50436,0.36
50437,0.04
50440,0.82
50442,0.77
50445,0.25
50446,0.61
50447,0.03
50448,0.88
50451,0.41
50452,0.88
50453,0.17
50455,0.39
50459,0.71
50462,0.38
50465,0.13
50466,0.31
50468,0.5
50470,0.37
50473,0.96
50474,0.22
50475,0.62
50476,0.14
50479,0.96
50481,0.24
50483,0.16
50484,0.96
50485,0.65
50487,0.77
50489,0.52
50494,0.5
50495,0.38
50497,0.5
50498,0.69
50500,0.05
50501,0.66
50505,0.06
50507,0.5
50509,0.71
50510,0.41
50511,0.63
50512,0.14
50513,0.28
50515,0.32
50518,0.93
50520,0.26
50521,0.35
50522,0.28
50526,0.37
50529,0.56
50530,0.96
50534,0.26
50538,0.54
50540,0.32
50543,0.67
50550,0.85
50552,0.65
50553,0.09
50557,0.04
50560,0.73
50566,0.96
50567,0.37
50571,0.12
50572,0.3
50573,0.46
50576,0.99
50577,0.87
50580,0.51
50581,0.55
50584,0.14
50585,0.28
50586,0.07
50587,0.04
50588,0.28
50589,0.46
50590,0.67
50593,0.75
50595,0.44
50596,0.01
50597,0.26
50598,0.94
50600,0.35
50605,0.35
50609,0.25
50611,0.42
50613,0.26
50614,0.68
50616,0.19
50617,0.1
50619,0.73
50621,0.37
50623,0.05
50624,0.71
50626,0.22
50631,0.46
50632,0.89
50633,0.45
50639,0.11
50642,0.89
50646,0.12
50648,0.61
50655,0.81
50656,0.88
50657,0.96
50660,0.59
50661,0.42
50663,0.75
50664,0.99
50671,0.67
50673,0.04
50677,0.36
50679,0.71
50680,0.91
50682,0.3
50683,0.08
50684,0.5
50685,0.28
50686,0.77
50689,0.39
50692,0.4
50700,0.85
50702,0.1
50704,0.22
50705,0.0
50709,0.45
50718,0.2
50719,0.89
50722,0.35
50723,0.53
50724,0.86
50727,0.56
50728,0.0
50729,0.62
50733,0.53
50748,0.54
50749,0.39
50753,0.14
50754,0.2
50763,0.46
50765,0.72
50768,0.52
50770,0.08
50773,0.73
50779,0.51
50780,0.56
50781,0.25
50783,0.4
50784,0.34
50786,0.62
50788,0.24
50794,0.89
50795,0.74
50796,0.37
50798,0.01
50799,0.06
50801,0.81
50803,0.9
50804,0.33
50808,0.9
50812,0.16
50813,0.42
50815,0.58
50816,0.5
50817,0.53
50818,0.23
50821,0.24
50823,0.7
50825,0.51
50827,0.69
50829,0.87
50830,0.32
50831,0.48
50833,0.28
50834,0.62
50836,0.21
50838,0.25
50839,0.27
50843,0.84
50852,0.48
50855,0.7
50860,0.8
50866,0.83
50869,0.48
50871,0.19
50873,0.85
50875,0.91
50879,0.62
50880,0.6
50885,0.48
50886,0.7
50888,0.0
50890,0.95
50891,0.12
50893,0.93
50897,0.86
50899,0.5
50900,0.55
50901,0.82
50902,0.61
50904,0.31
50905,0.29
50906,0.28
50907,0.48
50908,0.44
50911,0.92
50913,0.29
50917,0.15
50918,0.39
50923,0.18
50924,0.17
50925,0.0
50928,0.77
50933,0.46
50934,0.65
50935,0.91
50937,0.93
50938,0.37
50940,0.5
50943,0.62
50944,0.03
50945,0.0
50946,0.07
50948,0.28
50956,0.54
50957,0.02
50960,0.31
50966,0.09
50970,0.73
50980,0.82
50987,0.33
50988,0.96
50989,0.86
50990,0.54
50991,0.91
50992,0.31
50993,0.49
50994,0.06
51000,0.92
51002,0.07
51003,0.64
51012,0.56
51021,0.66
51022,0.87
51023,0.86
51024,0.58
51031,0.71
51033,0.53
51035,0.66
51036,0.5
51039,0.96
51041,0.91
51042,0.07
51043,0.33
51044,0.34
51047,0.95
51048,0.87
51050,0.77
51053,0.31
51054,0.45
51056,0.15
51058,0.67
51061,0.36
51063,0.53
51065,0.84
51067,0.13
51069,0.94
51070,0.54
51072,0.47
51075,0.81
51076,0.06
51078,0.73
51081,0.06
51091,0.32
51093,0.22
51094,0.84
51096,0.18
51102,0.18
51103,0.35
51106,0.28
51107,0.59
51111,0.81
51114,0.01
51115,0.0
51116,0.46
51118,0.68
51123,0.19
51125,0.1
51127,0.01
51132,0.66
51135,0.86
51138,0.11
51144,0.19
51149,0.04
51152,0.36
51154,0.37
51155,0.93
51157,0.08
51158,0.97
51161,0.52
51165,0.43
51170,0.98
51179,0.85
51180,0.23
51183,0.8
51187,0.73
51190,0.29
51192,0.58
51193,0.86
51198,0.95
51201,0.8
51202,0.8
51205,0.13
51211,0.08
51212,0.39
51217,0.65
51219,0.24
51220,0.72
51221,0.21
51225,0.03
51227,0.25
51230,0.57
51231,0.28
51234,0.97
51237,0.86
51238,0.36
51239,0.74
51242,0.69
51244,0.17
51247,0.84
51248,0.41
51253,0.99
51254,0.4
51255,0.37
51256,0.33
51262,0.16
51265,0.36
51272,0.24
51273,0.75
51275,0.86
51278,0.85
51279,0.84
51282,0.26
51285,0.56
51288,0.3
51291,0.05
51293,0.9
51296,0.39
51298,0.97
51301,0.11
51303,0.52
51304,0.7
51306,0.09
51307,0.44
51314,0.16
51315,0.25
51319,0.84
51323,0.91
51327,0.61
51329,0.45
51331,0.63
51333,0.01
51336,0.53
51342,0.64
51344,0.5
51348,0.52
51350,0.35
51352,0.25
51354,0.28
51355,0.2
51357,0.1
51360,0.39
51361,0.1
51362,0.35
51363,0.58
51364,0.38
51366,0.98
51367,0.53
51372,0.97
51373,0.54
51378,0.23
51380,0.21
51385,0.68
51387,0.55
51389,0.32
51390,0.35
51391,0.19
51394,0.82
51400,0.98
51402,0.8
51405,0.61
51411,0.97
51413,0.72
51425,0.25
51427,0.65
51433,0.72
51434,0.72
51437,0.39
51438,0.16
51440,0.0
51443,0.88
51446,0.6
51448,0.42
51449,0.41
51450,0.24
51451,0.38
51453,0.34
51459,0.02
51460,0.43
51461,0.5
51462,0.93
51463,0.97
51465,0.11
51466,0.18
51474,0.43
51475,0.58
51477,0.48
51478,0.6
51481,0.16
51482,0.73
51483,0.56
51488,0.54
51493,0.46
51496,0.11
51497,0.61
51500,0.79
51503,0.87
51504,0.82
51506,0.07
51508,0.94
51519,0.2
51524,0.8
51529,0.86
51532,0.79
51533,0.69
51534,0.71
51537,0.24
51540,0.81
51543,0.88
51545,0.11
51547,0.14
51549,0.58
51550,0.25
51556,0.25
51562,0.46
51591,0.31
51592,0.09
51593,0.15
51594,0.7
51595,0.16
51618,0.22
51619,0.25
51620,0.84
51621,0.85
51625,0.06
51626,0.13
51630,0.78
51635,0.06
51639,0.08
51671,0.47
51672,0.71
51673,0.58
51674,0.86
51679,0.92
51687,0.81
51708,0.94
51728,0.93
51734,0.38
51738,0.98
51748,0.17
51753,0.58
51755,0.16
51761,0.13
51766,0.3
51777,0.23
51784,0.98
51786,0.59
51787,0.44
51792,0.97
51802,0.02
51809,0.36
51811,0.42
51818,0.39
51819,0.89
51830,0.54
51835,0.86
51843,0.38
51845,0.14
51846,0.03
51855,0.92
51858,0.85
51863,0.24
51866,0.12
51867,0.81
51869,0.32
51876,0.15
51883,0.41
51888,0.65
51889,0.54
51891,0.98
51892,0.41
51894,0.33
51895,0.29
51896,0.12
51899,0.12
51925,0.17
51929,0.31
51930,0.95
51931,0.98
51932,0.38
51933,0.45
51934,0.28
51938,0.61
51950,0.92
51953,0.61
51954,0.56
51956,0.15
51959,0.55
51990,0.09
51991,0.29
51999,0.24
52003,0.83
52006,0.04
52013,0.64
52022,0.93
52023,0.48
52025,0.02
52028,0.44
52030,0.13
52038,0.29
52058,0.67
52059,0.17
52063,0.61
52082,0.36
52084,0.24
52087,0.47
52088,0.64
52089,0.52
52090,0.78
52096,0.72
52099,0.14
52110,0.48
52115,0.87
52116,0.67
52117,0.11
52120,0.58
52141,0.36
52145,0.6
52146,0.42
52149,0.69
52160,0.38
52167,0.55
52170,0.62
52185,0.45
52188,0.87
52195,0.1
52202,0.61
52208,0.76
52209,0.97
52213,0.24
52215,0.7
52216,0.51
52218,0.03
52220,0.58
52230,0.71
52239,0.19
52240,0.92
52247,0.62
52248,0.53
52252,0.73
52255,0.97
52257,0.56
52258,0.89
52259,0.4
52261,0.02
52265,0.05
52266,0.04
52268,0.04
52269,0.53
52273,0.46
52275,0.86
52276,0.48
52279,0.08
52281,0.98
52282,0.19
52286,0.6
52288,0.34
52289,0.49
52290,0.81
52293,0.61
52294,0.16
52298,0.87
52307,0.02
52308,0.31
52312,0.98
52315,0.12
52318,0.88
52319,0.72
52321,0.67
52325,0.13
52328,0.97
52330,0.1
52333,0.55
52335,0.66
52336,0.91
52341,0.28
52343,0.08
52353,0.66
52356,0.24
52357,0.97
52359,0.75
52371,0.41
52374,0.08
52376,0.78
52382,0.39
52384,0.24
52386,0.04
52389,0.1
52391,0.58
52394,0.97
52406,0.87
52407,0.78
52412,0.37
52423,0.71
52436,0.04
52444,0.47
52458,0.89
52461,0.17
52462,0.69
65428,0.36
65429,0.59
65431,0.47
65432,0.76
65433,0.27
65435,0.68
65436,0.76
65437,0.8
65438,0.39
65439,0.44
65440,0.95
65441,0.61
65442,0.92
65444,0.57
65448,0.66
65450,0.55
65451,0.39
65453,0.97
65454,0.39
65455,0.9
65456,0.76
65457,0.32
65459,0.05
65461,0.87
65462,0.18
65463,0.79
65464,0.39
65465,0.91
65466,0.96
65468,0.58
65471,0.58
65472,0.47
65474,0.4
65475,0.12
65476,0.44
65478,0.88
65479,0.52
65480,0.41
65481,0.99
65483,0.62
65484,0.26
65486,0.37
65487,0.59
65488,0.06
65492,0.04
65493,0.44
65494,0.57
65496,0.3
65497,0.22
65500,0.41
65501,0.09
65502,0.31
65504,0.52
65505,0.29
65506,0.38
65507,0.3
65508,0.81
65509,0.99
65510,0.01
65511,0.77
65512,0.76
65513,0.92
65514,0.11
65517,0.38
65518,0.65
65519,0.95
65520,0.12
65521,0.45
65528,0.26
65529,0.16
65531,0.94
65532,0.97
65533,0.59
65534,0.63
65535,0.87
65536,0.34
65538,0.69
65539,0.82
65540,0.29
65541,0.7
65542,0.73
65543,0.95
65546,0.97
65547,0.62
65551,0.27
65552,0.59
65557,0.78
65558,0.93
65559,0.36
65560,0.92
65563,0.21
65564,0.67
65565,0.19
65567,0.95
65568,0.99
65570,0.67
65571,0.9
65573,0.63
65577,0.16
65578,0.11
65579,0.21
65580,0.16
65581,0.09
65583,0.64
65584,0.21
65586,0.89
65588,0.81
65589,0.49
65590,0.13
65591,0.63
65592,0.46
65593,0.28
65595,0.75
65596,0.35
65597,0.98
65600,0.51
65601,0.75
65602,0.06
65603,0.28
65604,0.1
65605,0.32
65607,0.05
65609,0.78
65610,0.31
65612,0.5
65613,0.74
65614,0.57
65615,0.86
65621,0.25
65622,0.97
65623,0.45
65625,0.97
65626,0.28
65628,0.03
65629,0.8
65632,0.98
65633,0.12
65635,0.38
65636,0.14
65637,0.28
65638,0.28
65640,0.74
65642,0.31
65645,0.01
65646,0.46
65649,0.77
65650,0.83
65652,0.21
65653,0.74
65654,0.26
65655,0.66
65656,0.8
65657,0.55
65658,0.91
65659,0.92
65662,0.2
65663,0.46
65664,0.79
65667,0.58
65668,0.83
65669,0.05
65670,0.18
65671,0.56
65672,0.68
65674,0.02
65675,0.0
65677,0.57
65679,0.37
65681,0.14
65682,0.33
65683,0.6
65685,0.34
65687,0.63
65691,0.24
65692,0.23
65693,0.11
65694,0.17
65695,0.14
65696,0.79
65697,0.26
65698,0.71
65699,0.59
65700,0.45
65701,0.88
65702,0.16
65703,0.92
65705,0.52
65706,0.07
65707,0.78
65708,0.26
65710,0.45
65711,0.49
65712,0.7
65713,0.02
65714,0.92
65716,0.63
65718,0.43
65719,0.52
65720,0.23
65721,0.59
65724,0.02
65726,0.19
65727,0.45
65728,0.14
65730,0.24
65732,0.93
65733,0.77
65734,0.7
65736,0.16
65737,0.83
65739,0.99
65740,0.08
65741,0.37
65742,0.47
65743,0.59
65744,0.62
65745,0.85
65746,0.01
65747,0.87
65748,0.71
65750,0.1
65751,0.63
65752,0.76
65753,0.8
65754,0.71
65755,0.2
65756,0.17
65757,0.93
65759,0.63
65760,0.81
65761,0.94
65763,0.37
65767,0.31
65769,0.1
65771,0.44
65772,0.88
65773,0.32
65774,0.4
65775,0.07
65776,0.1
65777,0.85
65778,0.5
65779,0.87
65781,0.4
65784,0.16
65785,0.75
65786,0.45
65787,0.31
65788,0.78
65791,0.79
65792,0.53
65797,0.85
65798,0.91
65799,0.19
65800,0.32
65802,0.73
65804,0.39
65806,0.31
65807,0.96
65809,0.01
65810,0.96
65811,0.32
65812,0.76
65813,0.29
65814,0.32
65815,0.76
65817,0.25
65818,0.21
65819,0.65
65820,0.37
65821,0.89
65823,0.45
65825,0.14
65826,0.97
65828,0.43
65829,0.48
65834,0.74
65836,0.6
65838,0.66
65840,0.05
65841,0.08
65843,0.05
65844,0.72
65848,0.94
65850,0.31
65851,0.4
65853,0.75
65855,0.07
65856,0.71
65859,0.49
65861,0.91
65864,0.61
65865,0.83
65866,0.61
65867,0.06
65868,0.74
65869,0.83
65870,0.79
65871,0.03
65872,0.05
65874,0.57
65876,0.21
65879,0.25
65880,0.02
65881,0.4
65883,0.59
65885,0.13
65886,0.74
65888,0.81
65889,0.11
65890,0.86
65893,0.11
65894,0.12
65895,0.24
65900,0.44
65901,0.18
65902,0.54
65903,0.99
65904,0.44
65905,0.07
65906,0.92
65907,0.52
65908,0.54
65909,0.31
65910,0.5
65911,0.43
65913,0.81
65915,0.69
65916,0.17
65920,0.82
65922,0.21
65924,0.36
65927,0.95
65928,0.55
65929,0.58
65930,0.02
65932,0.27
65933,0.73
65934,0.34
65937,0.6
65940,0.92
65942,0.53
65946,0.62
65948,0.78
65949,0.96
65952,0.06
65953,0.75
65954,0.48
65955,0.93
65957,0.84
65958,0.3
65959,0.57
65961,0.6
65963,0.23
65964,0.19
65966,0.36
65967,0.03
65968,0.91
65969,0.19
65971,0.59
65972,0.23
65973,0.49
65974,0.48
65975,0.5
65976,0.95
65978,0.35
65979,0.97
65981,0.99
65982,0.65
65983,0.78
65984,0.33
65985,0.35
65986,0.05
65987,0.38
65989,0.41
65991,0.57
65992,0.11
65993,0.02
65994,0.17
65997,0.39
65999,0.2
66000,0.14
66002,0.96
66005,0.98
66006,0.25
66007,0.07
66008,0.99
66011,0.93
66013,0.86
66014,0.41
66015,0.43
66017,0.13
66018,0.77
66019,0.01
66021,0.36
66022,0.68
66023,0.37
66026,0.4
66027,0.61
66029,0.59
66031,0.13
66032,0.88
66033,0.83
66035,0.01
66036,0.69
66037,0.16
66038,0.88
66039,0.27
66040,0.65
66041,0.34
66044,0.04
66046,0.64
66048,0.39
66050,0.75
66051,0.55
66052,0.35
66054,0.44
66055,0.22
66057,0.46
66058,0.3
66060,0.1
66061,0.09
66062,0.66
66063,0.13
66064,0.79
66065,0.73
66067,0.92
66068,0.09
66069,0.75
66070,0.93
66072,0.0
66076,0.04
66077,0.19
66080,0.07
66081,0.42
66082,0.75
66083,0.0
66087,0.56
66088,0.63
66089,0.83
66091,0.27
66095,0.36
66096,0.46
66097,0.75
66098,0.36
66099,0.48
66102,0.43
66103,0.55
66105,0.27
66106,0.78
66107,0.05
66108,0.6
66109,0.19
66110,0.77
66111,0.01
66112,0.72
66113,0.36
66114,0.19
66115,0.25
66116,0.28
66119,0.0
66120,0.34
66122,0.69
66123,0.58
66127,0.68
66130,0.32
66132,0.5
66133,0.77
66135,0.11
66137,0.19
66138,0.52
66139,0.87
66140,0.42
66141,0.97
66143,0.88
66144,0.49
66145,0.28
66147,0.56
66149,0.38
66150,0.94
66151,0.55
66152,0.42
66153,0.49
66155,0.22
66156,0.43
66157,0.37
66158,0.83
66159,0.22
66161,0.44
66163,0.51
66164,0.79
66166,0.49
66167,0.07
66168,0.84
66169,0.0
66170,0.07
66171,0.28
66172,0.95
66174,0.04
66177,0.85
66178,0.46
66180,0.33
66182,0.64
66183,0.54
66184,0.89
66186,0.42
66188,0.73
66189,0.29
66191,0.81
66192,0.16
66193,0.25
66194,0.07
66196,0.46
66200,0.75
66201,0.9
66202,0.71
66203,0.88
66204,0.45
66206,0.67
66208,0.32
66210,0.0
66211,0.18
66212,0.3
66213,0.79
66214,0.13
66215,0.52
66217,0.47
66218,0.68
66219,0.89
66221,0.61
66224,0.91
66225,0.65
66226,0.63
66228,0.69
66229,0.62
66231,0.72
66232,0.32
66234,0.4
66237,0.88
66238,0.47
66240,0.12
66242,0.72
66243,0.76
66244,0.3
66245,0.74
66246,0.67
66247,0.97
66249,0.03
66250,0.18
66253,0.69
66254,0.97
66255,0.81
66259,0.12
66260,0.22
66261,0.82
66262,0.74
66263,0.0
66264,0.87
66265,0.53
66267,0.7
66272,0.88
66273,0.84
66274,0.14
66278,0.64
66279,0.75
66280,0.7
66281,0.14
66282,0.2
66283,0.18
66287,0.59
66288,0.92
66289,0.88
66291,0.32
66292,0.48
66293,0.95
66294,0.34
66295,0.43
66296,0.89
66299,0.1
66300,0.98
66301,0.71
66304,0.77
66305,0.73
66309,0.65
66311,0.45
66312,0.08
66314,0.02
66315,0.84
66316,0.25
66317,0.71
66318,0.47
66319,0.65
66320,0.69
66325,0.27
66326,0.92
66328,0.25
66329,0.24
66331,0.11
66332,0.04
66333,0.97
66334,0.47
66335,0.36
66338,0.78
66342,0.43
66343,0.99
66344,0.14
66345,0.42
66346,0.47
66347,0.86
66348,0.69
66349,0.45
66351,0.42
66352,0.2
66353,0.22
66354,0.79
66355,0.46
66356,0.14
66359,0.24
66360,0.35
66361,0.74
66362,0.5
66363,0.14
66364,0.67
66367,0.2
66370,0.12
66372,0.85
66375,0.18
66376,0.33
66377,0.77
66378,0.67
66379,0.51
66381,0.26
66383,0.28
66384,0.27
66386,0.34
66387,0.07
66388,0.15
66389,0.35
66390,0.29
66391,0.17
66392,0.01
66393,0.48
66394,0.76
66395,0.03
66396,0.89
66398,0.88
66399,0.93
66402,0.74
66403,0.06
66404,0.94
66405,0.73
66410,0.38
66414,0.12
66417,0.3
66418,0.7
66419,0.62
66420,0.55
66421,0.41
66424,0.6
66425,0.41
66426,0.55
66429,0.35
66430,0.83
66431,0.67
66432,0.06
66433,0.53
66437,0.0
66440,0.43
66442,0.44
66444,0.46
66445,0.12
66446,0.21
66447,0.2
66449,0.85
66450,0.91
66451,0.08
66452,0.25
66453,0.08
66454,0.14
66455,0.09
66456,0.87
66457,0.41
66460,0.71
66462,0.23
66466,0.79
66468,0.48
66470,0.25
66471,0.9
66472,0.36
66473,0.67
66475,0.49
66476,0.23
66477,0.18
66478,0.99
66479,0.59
66480,0.38
66481,0.73
66482,0.88
66483,0.17
66485,0.18
66486,0.35
66488,0.73
66490,0.96
66491,0.54
66492,0.68
66495,0.46
66499,0.48
66500,0.98
66501,0.97
66502,0.32
66504,0.2
66506,0.8
66507,0.21
66508,0.47
66509,0.36
66511,0.14
66513,0.34
66514,0.91
66515,0.7
66516,0.31
66517,0.1
66519,0.09
66525,0.72
66527,0.77
66529,0.76
66530,0.56
66531,0.24
66532,0.01
66533,0.63
66535,0.34
66537,0.06
66540,0.84
66542,0.17
66544,0.66
66546,0.41
66547,0.38
66549,0.4
66551,0.74
66553,0.23
66555,0.59
66556,0.45
66557,0.18
66558,0.67
66560,0.89
66561,0.41
66562,0.31
66563,0.38
66564,0.35
66565,0.96
66567,0.35
66568,0.02
66569,0.72
66572,0.07
66573,0.96
66574,0.69
66575,0.4
66576,0.67
66577,0.12
66578,0.48
66580,0.59
66582,0.01
66583,0.59
66584,0.04
66587,0.43
66589,0.26
66592,0.31
66593,0.2
66594,0.07
66597,0.71
66600,0.49
66602,0.66
66604,0.43
66606,0.57
66607,0.02
66608,0.85
66609,0.69
66610,0.01
66612,0.86
66613,0.43
66614,0.01
66615,0.8
66616,0.34
66617,0.97
66620,0.86
66622,0.29
66624,0.07
66626,0.21
66627,0.43
66628,0.57
66629,0.35
66630,0.68
66631,0.76
66633,0.92
66635,0.3
66636,0.46
66639,0.54
66641,0.79
66642,0.61
66643,0.29
66645,0.54
66646,0.15
66647,0.11
66648,0.16
66650,0.15
66654,0.11
66655,0.07
66656,0.83
66658,0.02
66659,0.15
66660,0.29
66662,0.22
66663,0.91
66667,0.04
66670,0.83
66671,0.64
66672,0.29
66673,0.2
66675,0.83
66676,0.69
66679,0.21
66680,0.81
66681,0.71
66682,0.31
66684,0.32
66693,0.15
66694,0.75
66695,0.37
66698,0.97
66699,0.13
66703,0.35
66707,0.96
66708,0.22
66709,0.65
66711,0.84
66712,0.01
66713,0.9
66715,0.72
66718,0.64
67476,0.74
67477,0.66
67479,0.51
67480,0.61
67483,0.22
67487,0.25
67489,0.67
67490,0.81
67493,0.54
67494,0.05
67495,0.34
67496,0.21
67497,0.42
67499,0.14
67501,0.85
67503,0.59
67505,0.11
67506,0.48
67507,0.41
67509,0.37
67510,0.81
67511,0.44
67512,0.34
67513,0.29
67515,0.87
67516,0.29
67520,0.77
67521,0.05
67523,0.66
67524,0.79
67528,0.06
67529,0.51
67530,0.13
67531,0.72
67533,0.14
67534,0.2
67538,0.34
67540,0.65
67542,0.9
67546,0.01
67548,0.34
67549,0.81
67551,0.77
67553,0.19
67554,0.81
67555,0.09
67557,0.24
67560,0.65
67561,0.24
67563,0.53
67564,0.32
67565,0.35
67566,0.94
67569,0.13
67570,0.64
67573,0.79
67575,0.53
67576,0.51
67578,0.02
67580,0.98
67581,0.4
67582,0.05
67583,0.24
67588,0.12
67590,0.97
67595,0.07
67597,0.2
67599,0.97
67602,0.67
67603,0.24
67608,0.78
67610,0.67
67613,0.44
67615,0.59
67616,0.11
67618,0.31
67619,0.95
67621,0.91
67623,0.12
67624,0.3
67626,0.77
67627,0.19
67628,0.17
67632,0.92
67633,0.59
67635,0.62
67637,0.05
67638,0.31
67639,0.92
67640,0.42
67641,0.01
67642,0.59
67643,0.22
67645,0.82
67647,0.3
67651,0.04
67652,0.82
67656,0.33
67658,0.09
67661,0.88
67665,0.01
67666,0.1
67668,0.49
67669,0.3
67670,0.55
67674,0.78
67675,0.72
67677,0.86
67678,0.82
67680,0.08
67684,0.98
67685,0.2
67692,0.72
67694,0.27
67695,0.61
67699,0.06
67702,0.79
67704,0.15
67705,0.96
67706,0.03
67707,0.03
67708,0.39
67711,0.16
67713,0.51
67714,0.92
67716,0.51
67718,0.35
67723,0.37
67724,0.49
67725,0.62
67727,0.62
67728,0.61
67729,0.98
67732,0.06
67734,0.26
67735,0.91
67736,0.85
67737,0.13
67738,0.7
67739,0.85
67740,0.04
67743,0.54
67744,0.01
67746,0.61
67747,0.9
67748,0.2
67753,0.78
67754,0.2
67755,0.09
67757,0.86
67759,0.57
67762,0.38
67763,0.04
67764,0.64
67765,0.12
67767,0.84
67771,0.89
67772,0.84
67773,0.52
67775,0.81
67776,0.44
67778,0.31
67779,0.35
67780,0.8
67782,0.98
67783,0.59
67786,0.1
67787,0.62
67788,0.2
67789,0.51
67790,0.54
67791,0.25
67794,0.67
67795,0.33
67796,0.51
67798,0.81
67800,0.98
67804,0.92
67805,0.51
67806,0.28
67808,0.37
67809,0.41
67810,0.2
67812,0.41
67814,0.12
67814,0.63
67815,0.16
67817,0.08
67818,0.4
67819,0.0
67824,0.01
67825,0.59
67826,0.47
67828,0.28
67830,0.96
67831,0.09
67834,0.57
67836,0.59
67837,0.2
67838,0.27
67841,0.74
67845,0.33
67850,0.07
67852,0.58
67853,0.85
67856,0.71
67857,0.48
67858,0.78
67861,0.16
67864,0.59
67865,0.86
67867,0.87
67868,0.44
67872,0.82
67873,0.68
67876,0.31
67881,0.43
67886,0.64
67887,0.86
67889,0.07
67892,0.76
67893,0.71
67894,0.86
67895,0.42
67898,0.0
67900,0.5
67902,0.23
67904,0.98
67906,0.23
67908,0.16
67909,0.04
67910,0.19
67912,0.2
67915,0.57
67916,0.3
67919,0.99
67921,0.1
67923,0.51
67924,0.14
67925,0.82
67926,0.06
67931,0.27
67934,0.5
67935,0.57
67937,0.04
67940,0.04
67943,0.93
67945,0.95
67948,0.07
67949,0.63
67950,0.09
67951,0.37
67953,0.95
67955,0.91
67956,0.8
67958,0.94
67960,0.07
67961,0.24
67965,0.72
67968,0.65
67969,0.78
67970,0.49
67971,0.66
67972,0.48
67973,0.35
67974,0.67
67975,0.77
67977,0.4
67978,0.88
67980,0.61
67981,0.09
67984,0.2
67986,0.35
67987,0.11
67988,0.9
67990,0.01
67991,0.12
67994,0.52
67995,0.31
67997,0.94
68000,0.15
68001,0.31
68002,0.31
68003,0.97
68004,0.1
68005,0.09
68006,0.14
68007,0.16
68008,0.39
68010,0.17
68011,0.54
68015,0.72
68016,0.24
68019,0.58
68020,0.77
68021,0.88
68025,0.21
68027,0.29
68029,0.83
68031,0.84
68033,0.43
68034,0.31
68036,0.5
68037,0.45
68039,0.2
68042,0.98
68043,0.31
68045,0.93
68046,0.38
68047,0.11
68048,0.46
68051,0.17
68052,0.2
68054,0.12
68055,0.2
68056,0.07
68058,0.45
68062,0.06
68066,0.22
68067,0.95
68068,0.74
68069,0.85
68070,0.21
68071,0.88
68072,0.21
68073,0.91
68075,0.28
68077,0.12
68079,0.81
68080,0.01
68081,0.28
68083,0.84
68084,0.78
68087,0.51
68088,0.26
68091,0.49
68092,0.94
68095,0.78
68096,0.22
68099,0.87
68102,0.43
68104,0.76
68105,0.21
68106,0.42
68107,0.36
68108,0.6
68111,0.96
68112,0.55
68113,0.02
68114,0.62
68115,0.18
68116,0.22
68117,0.28
68122,0.29
68123,0.38
68125,0.24
68126,0.07
68127,0.57
68128,0.15
68129,0.71
68132,0.0
68133,0.04
68136,0.02
68138,0.64
68140,0.03
68141,0.98
68142,0.95
68150,0.63
68152,0.97
68154,0.88
68155,0.09
68156,0.2
68157,0.45
68158,0.9
68159,0.26
68160,0.65
68161,0.4
68162,0.12
68164,0.08
68167,0.35
68169,0.85
68170,0.89
68173,0.57
68175,0.53
68176,0.11
68177,0.8
68181,0.77
68182,0.13
68185,0.33
68187,0.52
68188,0.19
68189,0.74
68191,0.15
68195,0.94
68196,0.69
68197,0.55
68198,0.82
68199,0.57
68200,0.03
68201,0.03
68202,0.19
68204,0.09
68206,0.23
68209,0.98
68211,0.25
68212,0.36
68213,0.84
68216,0.53
68217,0.2
68218,0.73
68220,0.37
68221,0.45
68223,0.03
68224,0.59
68229,0.56
68233,0.44
68238,0.19
68239,0.16
68240,0.7
68241,0.03
68242,0.92
68243,0.13
68248,0.02
68251,0.87
68254,0.79
68260,0.57
68264,0.54
68266,0.03
68268,0.23
68270,0.33
68276,0.29
68277,0.81
68280,0.18
68281,0.3
68282,0.59
68283,0.59
68285,0.18
68288,0.48
68289,0.62
68290,0.82
68292,0.21
68293,0.23
68296,0.75
68302,0.29
68303,0.57
68304,0.3
68306,0.99
68310,0.63
68312,0.18
68313,0.47
68315,0.44
68319,0.99
68322,0.93
68324,0.54
68332,0.54
68338,0.96
68345,0.17
68346,0.62
68348,0.91
68351,0.46
68352,0.74
68353,0.56
68355,0.44
68356,0.32
68357,0.16
68363,0.69
68366,0.03
68369,0.19
68371,0.46
68373,0.9
68375,0.14
68378,0.69
68379,0.46
68381,0.77
68384,0.74
68387,0.08
68392,0.89
68393,0.15
68396,0.68
70248,0.6
70250,0.09
70251,0.49
70252,0.02
70253,0.76
70261,0.93
70263,0.69
70264,0.8
70266,0.5
70267,0.18
70268,0.41
70269,0.34
70270,0.45
70271,0.25
70274,0.68
70275,0.92
70276,0.63
70277,0.36
70279,0.83
70280,0.48
70281,0.2
70289,0.73
70290,0.63
70291,0.04
70293,0.99
70294,0.69
70295,0.89
70296,0.03
70298,0.38
70299,0.34
70300,0.0
70301,0.23
70303,0.56
70304,0.99
70305,0.69
70306,0.4
70308,0.53
70312,0.45
70317,0.59
70318,0.59
70319,0.56
70320,0.3
70321,0.83
70322,0.23
70323,0.88
70324,0.35
70325,0.84
70328,0.29
70330,0.23
70331,0.29
70333,0.85
70334,0.91
70338,0.06
70340,0.34
70341,0.54
70344,0.91
70348,0.13
70349,0.09
70351,0.79
70357,0.15
70362,0.53
70365,0.94
70366,0.88
70368,0.76
70369,0.69
70370,0.43
70373,0.72
70378,0.44
70381,0.99
70382,0.55
70383,0.83
70384,0.81
70386,0.56
70387,0.2
70389,0.67
70390,0.49
70394,0.32
70395,0.9
70396,0.06
70400,0.69
70402,0.14
70403,0.81
70404,0.31
70405,0.74
70406,0.19
70407,0.87
70408,0.14
70411,0.47
70412,0.7
70417,0.2
70418,0.41
70419,0.25
70419,0.13
70420,0.56
70422,0.36
70423,0.57
70424,0.2
70428,0.81
70433,0.68
70435,0.02
70436,0.86
70437,0.89
70442,0.36
70445,0.87
70450,0.48
70451,0.18
70452,0.88
70453,0.84
70455,0.11
70456,0.6
70458,0.4
70461,0.32
70462,0.49
70466,0.67
70468,0.7
70471,0.85
70473,0.32
70474,0.8
70476,0.23
70477,0.6
70479,0.6
70481,0.97
70482,0.27
70483,0.57
70484,0.42
70485,0.4
70486,0.38
70487,0.85
70488,0.48
70489,0.16
70491,0.97
70495,0.69
70496,0.69
70497,0.97
70498,0.64
70499,0.73
70500,0.84
70503,0.04
70504,0.01
70505,0.21
70506,0.56
70507,0.65
70508,0.73
70512,0.97
70513,0.15
70517,0.5
70518,0.38
70520,0.85
70521,0.75
70522,0.87
70525,0.39
70526,0.37
70534,0.59
70535,0.58
70537,0.09
70539,0.98
70541,0.63
70545,0.62
70547,0.48
70554,0.63
70556,0.31
70558,0.06
70559,0.2
70560,0.19
70561,0.25
70562,0.67
70563,0.85
70564,0.14
70565,0.84
70566,0.78
70567,0.85
70568,0.91
70571,0.13
70577,0.26
70578,0.39
70580,0.57
70581,0.27
70582,0.25
70583,0.62
70584,0.65
70585,0.24
70586,0.02
70588,0.71
70589,0.43
70592,0.96
70593,0.41
70596,0.98
70598,0.05
70603,0.38
70604,0.51
70606,0.22
70607,0.88
70612,0.49
70613,0.42
70614,0.18
70615,0.68
70616,0.5
70624,0.1
70629,0.11
70631,0.73
70632,0.07
70633,0.23
70634,0.91
70636,0.4
70637,0.35
70638,0.84
70642,0.71
70645,0.54
70647,0.08
70650,0.46
70652,0.14
70656,0.47
70657,0.81
70658,0.41
70659,0.59
70662,0.83
70669,0.69
70670,0.11
70671,0.01
70673,0.06
70676,0.79
70677,0.02
70684,0.02
70685,0.26
70691,0.39
70693,0.32
70694,0.91
70695,0.0
70699,0.07
70702,0.31
70704,0.47
70705,0.03
70706,0.93
70708,0.69
70709,0.18
70716,0.31
70717,0.08
70719,0.11
70721,0.1
70722,0.45
70724,0.15
70726,0.0
70727,0.62
70728,0.2
70730,0.29
70735,0.12
70736,0.33
70738,0.03
70739,0.27
70743,0.94
70745,0.58
70752,0.26
70755,0.68
70756,0.24
70758,0.02
70759,0.96
70760,0.67
70763,0.24
70766,0.19
70770,0.33
70773,0.25
70774,0.04
70775,0.98
70777,0.6
70778,0.91
70780,0.92
70783,0.08
70784,0.49
70786,0.05
70787,0.82
70788,0.59
70790,0.43
70792,0.1
70794,0.65
70797,0.46
70798,0.72
70800,0.84
70803,0.87
70804,0.97
70805,0.85
70812,0.02
70813,0.75
70814,0.91
70817,0.29
70821,0.89
70823,0.2
70825,0.27
70826,0.89
70833,0.61
70834,0.32
70836,0.84
70840,0.34
70842,0.51
70844,0.33
70846,0.4
70848,0.5
70849,0.46
70850,0.81
70855,0.57
70860,0.74
70862,0.56
70864,0.22
70867,0.47
70868,0.21
70869,0.16
70870,0.68
70871,0.1
70872,0.93
70873,0.14
70874,0.9
70876,0.34
70877,0.32
70878,0.83
70879,0.15
70880,0.33
70881,0.65
70882,0.98
70884,0.39
70885,0.27
70887,0.46
70888,0.38
70889,0.69
70892,0.72
70893,0.19
70894,0.0
70902,0.71
70903,0.86
70905,0.62
70907,0.66
70909,0.03
70910,0.57
70912,0.24
70916,0.46
70917,0.37
70918,0.14
70920,0.62
70921,0.2
70923,0.98
70924,0.56
70928,0.52
70930,0.45
70934,0.13
70940,0.99
70946,0.75
70947,0.16
70948,0.38
70949,0.08
70950,0.98
70953,0.76
70954,0.78
70957,0.81
70958,0.96
70959,0.05
70960,0.9
70963,0.22
70965,0.58
70967,0.9
70976,0.97
70979,0.45
70981,0.37
70982,0.13
70983,0.99
70985,0.71
70987,0.61
70988,0.34
70989,0.18
70993,0.29
70994,0.77
70999,0.83
71002,0.24
71005,0.39
71006,0.87
71008,0.13
71009,0.25
71010,0.86
71012,0.21
71015,0.47
71017,0.82
71019,0.5
71020,0.02
71026,0.41
71027,0.18
71028,0.72
71030,0.27
71033,0.83
71035,0.44
71036,0.7
71038,0.77
71039,0.62
71040,0.72
71043,0.18
71045,0.46
71047,0.13
71048,0.37
71049,0.52
71052,0.6
71057,0.35
71058,0.39
71059,0.8
71061,0.29
71062,0.08
71063,0.63
71066,0.32
71067,0.51
71068,0.88
71071,0.13
71072,0.74
71074,0.52
71076,0.98
71077,0.58
71078,0.77
71081,0.93
71082,0.4
71084,0.67
71085,0.67
71086,0.91
71087,0.07
71090,0.01
71091,0.85
71092,0.4
71095,0.54
71096,0.15
71098,0.92
71099,0.61
71100,0.47
71101,0.29
71102,0.11
71105,0.34
71108,0.1
71113,0.63
71114,0.49
71116,0.84
71120,0.2
71122,0.68
71123,0.47
71126,0.19
71127,0.66
71129,0.43
71134,0.32
71135,0.72
71136,0.6
71137,0.08
71138,0.67
71139,0.34
71141,0.8
71143,0.97
71144,0.87
71145,0.95
71146,0.64
71148,0.07
71150,0.44
71151,0.86
71152,0.46
71154,0.39
71156,0.75
71157,0.53
71158,0.75
71159,0.45
71160,0.46
71163,0.14
71164,0.18
71167,0.25
71169,0.51
71170,0.92
71172,0.21
71175,0.2
71176,0.5
71177,0.37
71181,0.19
71182,0.28
71183,0.5
71190,0.03
71193,0.54
71196,0.7
71197,0.91
71200,0.27
71201,0.03
71202,0.21
71203,0.75
71204,0.44
71209,0.66
71211,0.85
71214,0.65
71216,0.87
71219,0.33
71220,0.9
71221,0.54
71224,0.0
71227,0.71
71228,0.86
71229,0.37
71230,0.05
71231,0.85
71232,0.24
71234,0.81
71236,0.16
71241,0.6
71242,0.11
71243,0.05
71245,0.89
71246,0.26
71247,0.07
71249,0.82
71250,0.64
71251,0.56
71252,0.92
71253,0.98
71256,0.39
71257,0.13
71260,0.34
71262,0.47
71263,0.83
71266,0.55
71268,0.48
71269,0.12
71270,0.6
71271,0.48
71273,0.45
71274,0.61
71275,0.07
71276,0.42
71277,0.19
71278,0.96
71279,0.89
71280,0.38
71283,0.84
71286,0.48
71287,0.63
71291,0.61
71292,0.53
71301,0.08
71302,0.87
71303,0.36
71304,0.48
71306,0.4
71307,0.16
71308,0.87
71309,0.2
71312,0.5
71315,0.58
71316,0.38
71322,0.54
71323,0.4
71325,0.38
71327,0.12
71329,0.63
71335,0.1
71338,0.18
71339,0.1
71341,0.76
71342,0.45
71345,0.44
71346,0.0
71347,0.39
71351,0.18
71355,0.75
71358,0.71
71361,0.71
71365,0.6
71366,0.11
71369,0.6
71371,0.32
71374,0.44
71376,0.89
71377,0.91
71379,0.68
71380,0.07
71382,0.24
71383,0.9
71385,0.45
71386,0.86
71387,0.29
71388,0.46
71390,0.86
71391,0.48
71397,0.46
71398,0.83
71399,0.81
71402,0.17
71406,0.65
71409,0.67
71412,0.93
71414,0.32
71415,0.35
71416,0.81
71421,0.18
71425,0.27
71426,0.39
71432,0.83
71433,0.96
71436,0.75
71440,0.14
71443,0.4
71449,0.38
71451,0.01
71452,0.62
71456,0.28
71462,0.73
71464,0.65
71469,0.5
71474,0.74
71476,0.76
71477,0.09
71478,0.13
71479,0.81
71481,0.5
71487,0.72
71489,0.38
71490,0.27
71491,0.02
71493,0.83
71494,0.69
71495,0.26
71497,0.01
71498,0.92
71499,0.37
71501,0.02
71502,0.15
71505,0.93
71506,0.39
71509,0.01
71511,0.8
71512,0.4
71513,0.11
71516,0.34
71518,0.64
71522,0.54
71523,0.44
71525,0.78
71530,0.89
71531,0.84
71533,0.61
71534,0.48
71535,0.94
71537,0.24
71538,0.22
71541,0.23
71543,0.37
71548,0.27
71549,0.2
71551,0.53
71559,0.17
71561,0.35
71563,0.98
71571,0.44
71572,0.72
71583,0.52
71584,0.29
71586,0.59
71588,0.97
71590,0.31
71592,0.66
71593,0.66
71596,0.27
71598,0.43
71601,0.78
71602,0.4
71603,0.62
71604,0.22
71605,0.74
71607,0.47
71609,0.31
71612,0.56
71614,0.99
71615,0.32
71617,0.23
71618,0.38
71619,0.33
71621,0.55
71622,0.27
71624,0.36
71625,0.06
71628,0.67
71629,0.36
71631,0.55
71632,0.64
71634,0.64
71636,0.46
71641,0.19
71644,0.18
71645,0.28
71646,0.73
71647,0.59
71648,0.17
71649,0.91
71651,0.34
71657,0.42
71658,0.94
71659,0.9
71660,0.1
71662,0.48
71664,0.37
71665,0.63
71666,0.68
71669,0.07
71671,0.33
71674,0.47
71677,0.55
71679,0.75
71681,0.64
71685,0.3
71686,0.03
71688,0.49
71691,0.68
71693,0.29
71694,0.87
71695,0.58
71696,0.66
71697,0.74
71698,0.44
71701,0.03
71705,0.25
71708,0.26
71709,0.45
71710,0.63
71712,0.9
71713,0.5
71716,0.49
71717,0.05
71719,0.58
71721,0.14
71722,0.29
71723,0.41
71724,0.36
71725,0.41
71726,0.34
71727,0.86
71728,0.05
71729,0.67
71730,0.17
71738,0.72
71740,0.28
71742,0.76
71744,0.58
71745,0.46
71746,0.16
71747,0.95
71750,0.21
71752,0.67
71753,0.68
71754,0.36
71755,0.48
71757,0.12
71759,0.33
71760,0.85
71761,0.52
71762,0.86
71763,0.5
71764,0.02
71765,0.41
71768,0.97
71769,0.31
71772,0.5
71773,0.84
71774,0.45
71775,0.2
71776,0.43
71780,0.1
71781,0.67
71783,0.0
71784,0.91
71785,0.62
71788,0.23
71795,0.98
71796,0.12
71797,0.97
71800,0.1
71804,0.99
71805,0.5
71810,0.16
71811,0.98
71812,0.81
71814,0.85
71818,0.23
71819,0.18
71822,0.36
71823,0.84
71825,0.07
71826,0.27
71828,0.04
71829,0.16
71834,0.35
71836,0.18
71839,0.63
71841,0.9
71842,0.97
71844,0.1
71845,0.53
71846,0.44
71847,0.46
71848,0.11
71849,0.2
71850,0.1
71851,0.91
71853,0.04
71858,0.8
71860,0.55
71861,0.19
71862,0.4
71864,0.45
71865,0.11
71866,0.69
71867,0.16
71868,0.18
71871,0.25
71872,0.47
71873,0.51
71875,0.95
71877,0.69
71881,0.54
71888,0.99
71889,0.74
71890,0.32
71894,0.61
71895,0.87
71897,0.22
71898,0.14
71899,0.26
71900,0.74
71901,0.63
71905,0.8
71907,0.5
71909,0.52
71910,0.77
71911,0.9
71913,0.81
71915,0.91
71917,0.5
71920,0.46
71924,0.03
71925,0.06
71929,0.34
71930,0.47
71931,0.72
71935,0.71
71938,0.44
71939,0.8
71942,0.8
71943,0.96
71944,0.95
71945,0.71
71946,0.18
71950,0.62
71953,0.37
71958,0.66
71960,0.58
71962,0.68
71965,0.12
71966,0.46
71969,0.6
71972,0.3
71977,0.79
71980,0.95
71981,0.21
71983,0.92
71984,0.85
71985,0.42
71994,0.66
72000,0.53
72002,0.09
72003,0.41
72005,0.63
72007,0.2
72011,0.79
72012,0.75
72013,0.65
72015,0.4
72016,0.23
72017,0.34
72020,0.55
72022,0.29
72025,0.56
72029,0.93
72030,0.46
72031,0.34
72033,0.18
72037,0.07
72038,0.25
72039,0.7
72042,0.29
72044,0.06
72046,0.66
72048,0.64
72050,0.35
72051,0.24
72053,0.36
72054,0.0
72055,0.14
72056,0.36
72057,0.12
72058,0.07
72059,0.04
72061,0.59
72064,0.72
72067,0.0
72069,0.35
72072,0.34
72073,0.65
72075,0.62
72082,0.22
72084,0.08
72086,0.33
72087,0.45
72088,0.77
72089,0.03
72090,0.29
72091,0.94
72093,0.74
72094,0.98
72095,0.71
72096,0.02
72097,0.13
72098,0.59
72099,0.76
72100,0.44
72102,0.95
72104,0.33
72105,0.44
72106,0.6
72107,0.82
72108,0.15
72109,0.65
72110,0.39
72112,0.16
72113,0.33
72114,0.15
72119,0.59
72121,0.65
72122,0.65
72125,0.89
72126,0.12
72127,0.55
72128,0.3
72129,0.33
72130,0.38
72135,0.66
72137,0.07
72138,0.86
72141,0.77
72142,0.54
72143,0.26
72145,0.92
72146,0.52
72147,0.38
72148,0.64
72149,0.16
72150,0.29
72151,0.52
72152,0.12
72154,0.2
72156,0.18
72157,0.52
72158,0.18
72159,0.56
72160,0.24
72162,0.85
72163,0.3
72164,0.8
72165,0.54
72167,0.22
72172,0.31
72173,0.61
72175,0.73
72177,0.09
72180,0.99
72182,0.71
72183,0.53
72194,0.51
72196,0.19
72197,0.31
72202,0.13
72204,0.49
72206,0.27
72207,0.52
72208,0.23
72209,0.78
72210,0.21
72211,0.29
72212,0.62
72213,0.03
72214,0.76
72215,0.58
72217,0.86
72218,0.07
72219,0.81
72220,0.11
72223,0.3
37479,0.77
39014,0.33
39412,0.81
39780,0.97
40204,0.74
41728,0.75
42124,0.48
42956,0.78
44195,0.56
44197,0.94
44211,0.92
44212,0.25
44214,0.17
44216,0.95
44217,0.85
44219,0.37
44288,0.8
44325,0.86
44335,0.87
44344,0.49
44345,0.07
44346,0.4
44417,0.05
44418,0.68
44420,0.43
44546,0.63
44685,0.28
44711,0.27
44716,0.1
44717,0.64
44721,0.18
44724,0.08
44748,0.26
44754,0.33
44755,0.43
44756,0.67
44757,0.99
44793,0.81
44798,0.14
44827,0.5
44845,0.12
44846,0.82
44849,0.48
44878,0.69
44937,0.55
44944,0.75
44948,0.5
44957,0.36
45017,0.16
45034,0.57
45062,0.86
45066,0.89
45080,0.28
45081,0.32
45089,0.59
45090,0.9
45181,0.88
45184,0.54
45187,0.09
45252,0.46
45253,0.22
45254,0.84
45256,0.2
45279,0.12
45304,0.32
45305,0.23
45309,0.1
45310,0.16
45345,0.67
45359,0.46
45361,0.24
45463,0.93
45475,0.72
45477,0.2
45478,0.83
45524,0.82
45530,0.82
45533,0.11
45542,0.36
45562,0.41
45568,0.16
45571,0.47
45619,0.27
45620,0.4
45629,0.98
45642,0.46
45744,0.17
45746,0.77
45811,0.98
45818,0.7
45823,0.12
45835,0.81
45840,0.12
45841,0.99
45850,0.3
45853,0.01
45864,0.15
45896,0.08
45906,0.72
45908,0.37
45916,0.74
45925,0.53
45926,0.55
45936,0.85
46010,0.96
46052,0.99
46092,0.86
46101,0.44
46136,0.33
46155,0.08
46159,0.87
46161,0.07
46178,0.06
46263,0.35
46265,0.17
46269,0.02
46273,0.27
46351,0.69
46357,0.43
46358,0.2
46366,0.27
46403,0.53
46423,0.53
46500,0.64
46503,0.99
46507,0.2
46552,0.98
46558,0.12
46564,0.56
46569,0.48
46573,0.53
46582,0.09
46583,0.52
46596,0.43
46598,0.46
46645,0.52
46713,0.73
46727,0.45
46787,0.12
46789,0.36
46793,0.23
46832,0.01
46888,0.85
46913,0.8
46918,0.99
46922,0.13
46982,0.09
46998,0.34
47006,0.24
47011,0.02
47013,0.16
47026,0.11
47052,0.53
47099,0.23
47102,0.28
47187,0.42
47191,0.24
47192,0.99
47195,0.59
47204,0.89
47205,0.64
47212,0.83
47224,0.27
47235,0.15
47236,0.46
47239,0.8
47242,0.91
47329,0.57
47402,0.75
47405,0.26
47407,0.52
47408,0.41
47421,0.58
47422,0.46
47423,0.93
47424,0.33
47427,0.36
47428,0.05
47430,0.06
47507,0.95
47510,0.95
47514,0.24
47550,0.32
47555,0.54
47558,0.57
47566,0.06
47568,0.56
47580,0.11
47581,0.15
47585,0.79
47600,0.42
47601,0.99
47670,0.76
47675,0.06
47679,0.99
47690,0.5
47751,0.72
47769,0.31
47778,0.74
47781,0.07
47782,0.96
47891,0.86
47901,0.88
47904,0.71
47909,0.44
47913,0.85
47914,0.58
47970,0.03
47979,0.66
47998,0.28
48003,0.28
48004,0.97
48036,0.97
48071,0.27
48075,0.76
48114,0.78
48120,0.86
48153,0.43
48170,0.89
48171,0.03
48178,0.89
48179,0.08
48187,0.04
48217,0.55
48285,0.95
48363,0.83
48369,0.49
48379,0.74
48434,0.14
48489,0.31
48492,0.27
48494,0.21
48495,0.16
48515,0.58
48538,0.89
48588,0.7
48616,0.56
48621,0.25
48732,0.24
48741,0.09
48743,0.44
48748,0.82
48762,0.1
48780,0.76
48809,0.52
48815,0.71
48821,0.67
48926,0.94
48929,0.27
48955,0.74
48958,0.64
49010,0.48
49014,0.46
49015,0.51
49016,0.87
49025,0.53
49037,0.59
49044,0.56
49147,0.46
49180,0.3
49181,0.45
49184,0.25
49188,0.04
49193,0.83
49194,0.51
49218,0.74
49250,0.53
49268,0.32
49273,0.49
49276,0.37
49277,0.26
49279,0.97
49374,0.14
49376,0.95
49380,0.6
49404,0.2
49405,0.45
49449,0.68
49451,0.05
49454,0.37
49472,0.61
49475,0.85
49476,0.61
49477,0.81
49478,0.77
49481,0.73
49484,0.45
49485,0.12
49511,0.94
49529,0.93
49675,0.02
49679,0.93
50171,0.05
50172,0.92
50173,0.07
50179,0.43
50182,0.32
50187,0.8
50189,0.74
50190,0.76
50191,0.49
50192,0.1
50194,0.94
50199,0.27
50200,0.69
50205,0.4
50208,0.15
50211,0.67
50217,0.98
50219,0.47
50220,0.55
50224,0.63
50225,0.58
50226,0.89
50227,0.61
50230,0.75
50231,0.1
50232,0.88
50233,0.17
50234,0.18
50237,0.86
50239,0.54
50244,0.81
50245,0.25
50252,0.05
50253,0.03
50254,0.28
50256,0.58
50258,0.97
50259,0.16
50264,0.42
50274,0.79
50276,0.65
50277,0.33
50288,0.07
50290,0.12
50296,0.07
50298,0.93
50300,0.95
50303,0.99
50307,0.93
50312,0.64
50313,0.42
50314,0.38
50316,0.8
50334,0.58
50342,0.83
50343,0.87
50344,0.85
50351,0.92
50355,0.85
50358,0.43
50363,0.08
50366,0.36
50367,0.73
50369,0.35
50371,0.91
50372,0.27
50373,0.41
50374,0.42
50377,0.84
50379,0.87
50396,0.41
50399,0.65
50400,0.54
50402,0.71
50409,0.47
50412,0.9
50413,0.21
50414,0.26
50416,0.92
50422,0.66
50425,0.12
50426,0.44
50427,0.09
50428,0.99
50430,0.08
50433,0.53
50434,0.26
50437,0.33
50440,0.0
50442,0.31
50446,0.88
50454,0.92
50455,0.7
50457,0.66
50462,0.83
50465,0.19
50466,0.93
50468,0.34
50470,0.98
50472,0.9
50473,0.89
50474,0.77
50475,0.16
50476,0.17
50481,0.44
50483,0.92
50487,0.83
50489,0.52
50491,0.9
50494,0.81
50495,0.67
50497,0.64
50498,0.0
50500,0.57
50505,0.25
50507,0.19
50510,0.86
50511,0.09
50512,0.58
50513,0.74
50515,0.4
50518,0.04
50521,0.64
50522,0.16
50526,0.21
50530,0.97
50534,0.4
50542,0.92
50543,0.67
50550,0.68
50551,0.1
50552,0.55
50553,0.5
50557,0.2
50560,0.98
50566,0.75
50567,0.25
50569,0.18
50571,0.59
50572,0.7
50573,0.46
50576,0.7
50577,0.25
50581,0.39
50585,0.04
50586,0.2
50587,0.77
50588,0.03
50589,0.22
50590,0.83
50592,0.14
50593,0.92
50594,0.07
50595,0.4
50596,0.18
50597,0.45
50598,0.27
50600,0.9
50609,0.67
50613,0.14
50614,0.98
50616,0.36
50617,0.0
50618,0.66
50619,0.23
50623,0.26
50624,0.39
50630,0.62
50631,0.6
50632,0.35
50633,0.97
50639,0.92
50642,0.23
50646,0.23
50648,0.03
50655,0.66
50657,0.33
50660,0.56
50661,0.48
50663,0.86
50664,0.52
50666,0.22
50671,0.68
50679,0.94
50682,0.52
50683,0.61
50684,0.4
50685,0.56
50686,0.59
50688,0.53
50689,0.69
50692,0.56
50699,0.09
50709,0.39
50718,0.06
50719,0.37
50722,0.84
50723,0.6
50724,0.83
50727,0.02
50728,0.5
50729,0.85
50733,0.46
50741,0.67
50749,0.91
50754,0.75
50763,0.37
50768,0.35
50770,0.4
50773,0.68
50779,0.12
50780,0.86
50781,0.57
50782,0.49
50783,0.29
50784,0.61
50788,0.24
50795,0.26
50796,0.5
50797,0.77
50798,0.56
50799,0.46
50801,0.99
50803,0.38
50804,0.15
50812,0.21
50815,0.84
50816,0.53
50821,0.2
50823,0.71
50825,0.15
50827,0.58
50830,0.3
50831,0.41
50833,0.73
50834,0.31
50836,0.58
50838,0.33
50839,0.08
50843,0.8
50851,0.1
50852,0.95
50855,0.09
50856,0.85
50858,0.16
50860,0.67
50866,0.47
50869,0.51
50870,0.24
50878,0.2
50879,0.64
50880,0.62
50885,0.88
50886,0.5
50888,0.35
50890,0.8
50892,0.87
50893,0.65
50896,0.14
50897,0.95
50899,0.38
50900,0.69
50901,0.0
50902,0.22
50904,0.38
50905,0.56
50906,0.8
50907,0.33
50908,0.4
50909,0.92
50911,0.72
50918,0.12
50924,0.69
50927,0.05
50928,0.83
50933,0.51
50934,0.02
50937,0.8
50938,0.62
50939,0.48
50941,0.75
50942,0.46
50943,0.54
50945,0.63
50946,0.64
50947,0.8
50948,0.66
50951,0.89
50956,0.14
50957,0.99
50960,0.31
50966,0.95
50970,0.67
50980,0.17
50986,0.82
50987,0.42
50988,0.34
50989,0.77
50991,0.57
50992,0.32
50993,0.13
50994,0.33
51000,0.6
51001,0.03
51002,0.87
51003,0.58
51013,0.28
51020,0.82
51021,0.05
51022,0.96
51024,0.48
51025,0.39
51035,0.82
51039,0.64
51040,0.68
51041,0.26
51042,0.79
51043,0.05
51047,0.12
51048,0.63
51050,0.61
51051,0.98
51053,0.18
51054,0.75
51058,0.79
51061,0.42
51063,0.73
51067,0.88
51069,0.19
51072,0.94
51075,0.67
51076,0.43
51078,0.22
51081,0.01
51091,0.21
51094,0.56
51096,0.71
51100,0.06
51102,0.77
51103,0.55
51105,0.66
51106,0.15
51107,0.82
51114,0.5
51115,0.81
51116,0.79
51118,0.71
51123,0.96
51125,0.11
51127,0.52
51132,0.74
51138,0.04
51144,0.26
51152,0.11
51153,0.16
51154,0.05
51155,0.96
51157,0.04
51158,0.56
51165,0.27
51170,0.77
51179,0.68
51180,0.58
51181,0.32
51183,0.61
51187,0.49
51205,0.18
51211,0.85
51212,0.68
51219,0.65
51220,0.93
51221,0.46
51225,0.38
51227,0.67
51231,0.32
51234,0.12
51238,0.83
51239,0.53
51240,0.06
51241,0.78
51242,0.86
51244,0.13
51253,0.86
51262,0.18
51265,0.53
51272,0.92
51273,0.19
51278,0.28
51279,0.23
51285,0.81
51288,0.62
51293,0.73
51298,0.56
51301,0.07
51302,0.89
51304,0.61
51314,0.28
51315,0.73
51317,0.16
51319,0.65
51320,0.05
51323,0.57
51327,0.68
51329,0.27
51331,0.61
51333,0.4
51342,0.68
51344,0.81
51348,0.89
51350,0.83
51352,0.4
51354,0.48
51356,0.9
51357,0.48
51360,0.75
51361,0.7
51362,0.02
51363,0.09
51364,0.97
51366,0.88
51367,0.34
51372,0.79
51373,0.01
51378,0.23
51379,0.73
51380,0.37
51383,0.21
51385,0.25
51387,0.42
51389,0.54
51390,0.38
51391,0.9
51394,0.28
51400,0.19
51402,0.9
51405,0.4
51411,0.53
51415,0.19
51416,0.18
51425,0.83
51427,0.98
51430,0.65
51433,0.29
51434,0.52
51437,0.33
51440,0.21
51443,0.66
51446,0.05
51448,0.78
51450,0.26
51451,0.09
51453,0.72
51457,0.96
51459,0.95
51460,0.47
51461,0.69
51462,0.58
51463,0.99
51474,0.58
51475,0.01
51481,0.28
51484,0.67
51487,0.64
51488,0.82
51496,0.25
51504,0.88
51508,0.09
51522,0.52
51524,0.78
51529,0.58
51532,0.21
51533,0.5
51534,0.47
51540,0.2
51545,0.21
51547,0.99
51548,0.97
51549,0.29
51550,0.24
51562,0.27
51573,0.64
51591,0.44
51592,0.67
51593,0.06
51594,0.48
51595,0.08
51618,0.35
51620,0.82
51621,0.0
51625,0.09
51626,0.35
51627,0.72
51635,0.45
51639,0.31
51655,0.31
51671,0.05
51672,0.47
51674,0.37
51682,0.16
51685,0.73
51686,0.26
51687,0.53
51703,0.49
51733,0.34
51734,0.84
51748,0.24
51755,0.27
51766,0.14
51777,0.03
51783,0.92
51784,0.72
51786,0.26
51787,0.25
51800,0.18
51802,0.91
51809,0.16
51818,0.42
51819,0.4
51835,0.41
51844,0.49
51845,0.83
51855,0.39
51858,0.38
51861,0.22
51863,0.95
51866,0.51
51868,0.46
51869,0.62
51876,0.96
51881,0.68
51883,0.42
51885,0.47
51888,0.33
51889,0.39
51894,0.74
51895,0.6
51899,0.49
51929,0.66
51931,0.61
51933,0.57
51934,0.32
51938,0.74
51950,0.15
51953,0.81
51954,0.93
51956,0.47
51990,0.09
52003,0.81
52006,0.37
52022,0.18
52023,0.35
52025,0.58
52027,0.62
52028,0.76
52038,0.45
52058,0.02
52059,0.73
52063,0.64
52082,0.9
52084,0.07
52087,0.5
52088,0.8
52089,0.72
52090,0.05
52091,0.88
52092,0.38
52096,0.59
52110,0.27
52117,0.96
52120,0.53
52141,0.36
52145,0.08
52146,0.81
52147,0.55
52167,0.58
52175,0.84
52188,0.01
52195,0.6
52202,0.57
52208,0.59
52209,0.39
52213,0.35
52215,0.36
52220,0.78
52230,0.91
52240,0.17
52247,0.97
52255,0.62
52257,0.21
52258,0.1
52259,0.57
52260,0.56
52261,0.76
52262,0.03
52265,0.85
52268,0.06
52269,0.6
52275,0.53
52276,0.87
52279,0.67
52282,0.91
52289,0.78
52290,0.0
52293,0.54
52294,0.02
52307,0.77
52308,0.37
52312,0.0
52315,0.37
52318,0.84
52319,0.28
52325,0.04
52330,0.73
52335,0.91
52336,0.2
52341,0.7
52343,0.66
52344,0.46
52346,0.83
52348,0.82
52351,0.34
52353,0.67
52356,0.68
52357,0.0
52371,0.67
52374,0.11
52376,0.59
52384,0.26
52386,0.55
52389,0.22
52394,0.24
52458,0.2
65428,0.6
65430,0.62
65432,0.51
65433,0.87
65434,0.24
65435,0.54
65436,0.45
65437,0.31
65439,0.54
65440,0.95
65441,0.04
65442,0.35
65444,0.48
65446,0.57
65448,0.38
65449,0.79
65450,0.96
65451,0.84
65453,0.6
65454,0.08
65455,0.05
65456,0.34
65457,0.38
65459,0.21
65460,0.4
65461,0.04
65463,0.41
65464,0.86
65465,0.8
65466,0.75
65468,0.86
65471,0.79
65472,0.66
65475,0.29
65479,0.56
65480,0.85
65481,0.72
65483,0.28
65487,0.36
65488,0.86
65492,0.12
65493,0.31
65494,0.45
65496,0.22
65497,0.44
65500,0.16
65501,0.84
65502,0.65
65504,0.05
65505,0.17
65506,0.93
65507,0.21
65508,0.32
65509,0.29
65510,0.8
65512,0.31
65513,0.41
65514,0.77
65517,0.09
65518,0.35
65519,0.33
65525,0.72
65527,0.27
65528,0.1
65529,0.77
65530,0.38
65532,0.46
65533,0.18
65534,0.14
65535,0.27
65536,0.23
65537,0.71
65538,0.08
65539,0.46
65540,0.32
65541,0.61
65542,0.96
65543,0.18
65544,0.66
65546,0.73
65547,0.39
65552,0.46
65553,0.64
65556,0.28
65558,0.49
65559,0.97
65562,0.12
65563,0.0
65564,0.33
65568,0.92
65570,0.47
65573,0.76
65576,0.47
65577,0.48
65580,0.63
65581,0.6
65582,0.28
65583,0.38
65584,0.87
65586,0.25
65587,0.16
65588,0.7
65589,0.12
65590,0.68
65591,0.25
65592,0.48
65593,0.66
65595,0.06
65596,0.57
65597,0.48
65599,0.52
65600,0.64
65604,0.61
65605,0.16
65606,0.42
65607,0.24
65608,0.02
65609,0.78
65610,0.28
65612,0.31
65618,0.25
65622,0.15
65623,0.24
65625,0.53
65626,0.27
65628,0.72
65629,0.55
65633,0.64
65634,0.92
65635,0.85
65636,0.79
65637,0.4
65638,0.5
65645,0.7
65649,0.77
65650,0.28
65652,0.82
65654,0.18
65655,0.65
65656,0.4
65657,0.44
65658,0.14
65659,0.02
65662,0.1
65664,0.52
65665,0.45
65668,0.29
65669,0.56
65670,0.17
65671,0.5
65672,0.47
65674,0.65
65675,0.95
65677,0.07
65681,0.21
65683,0.05
65685,0.75
65687,0.56
65691,0.35
65692,0.78
65693,0.91
65696,0.56
65701,0.48
65702,0.44
65703,0.81
65704,0.65
65705,0.76
65706,0.44
65708,0.78
65710,0.19
65713,0.63
65714,0.92
65716,0.92
65718,0.66
65719,0.82
65720,0.02
65721,0.53
65723,0.77
65724,0.63
65727,0.39
65728,0.58
65730,0.54
65731,0.61
65732,0.03
65733,0.59
65734,0.74
65735,0.94
65736,0.95
65737,0.9
65738,0.29
65740,0.01
65741,0.61
65743,0.48
65744,0.08
65747,0.91
65748,0.3
65750,0.97
65751,0.6
65753,0.78
65754,0.47
65755,0.24
65759,0.35
65760,0.07
65761,0.72
65763,0.57
65764,0.44
65767,0.61
65773,0.38
65774,0.95
65777,0.57
65778,0.8
65779,0.98
65783,0.82
65784,0.63
65785,0.43
65786,0.28
65792,0.58
65797,0.7
65798,0.91
65800,0.08
65803,0.91
65806,0.05
65808,0.28
65809,0.57
65811,0.16
65813,0.15
65814,0.86
65815,0.94
65817,0.02
65819,0.2
65821,0.63
65823,0.89
65827,0.35
65829,0.85
65833,0.61
65834,0.41
65836,0.75
65838,0.41
65840,0.6
65841,0.12
65843,0.1
65844,0.53
65848,0.15
65851,0.07
65853,0.58
65856,0.56
65859,0.39
65861,0.58
65863,0.01
65864,0.93
65865,0.93
65866,0.75
65867,0.09
65868,0.43
65869,0.1
65870,0.78
65871,0.79
65872,0.8
65874,0.89
65876,0.01
65879,0.49
65880,0.11
65883,0.89
65885,0.22
65886,0.17
65888,0.61
65890,0.95
65893,0.61
65894,0.37
65895,0.66
65899,0.37
65902,0.66
65903,0.93
65907,0.6
65909,0.0
65911,0.93
65913,0.44
65916,0.95
65920,0.27
65922,0.2
65924,0.12
65927,0.26
65928,0.99
65929,0.06
65930,0.21
65932,0.73
65933,0.52
65937,0.78
65940,0.78
65946,0.03
65952,0.95
65953,0.22
65955,0.69
65957,0.87
65959,0.83
65961,0.83
65963,0.75
65964,0.32
65966,0.27
65967,0.07
65968,0.0
65969,0.36
65971,0.62
65972,0.21
65974,0.69
65975,0.2
65976,0.95
65978,0.34
65979,0.78
65981,0.04
65982,0.59
65983,0.45
65985,0.49
65986,0.47
65987,0.05
65989,0.88
65991,0.55
65992,0.58
65994,0.28
65997,0.7
65998,0.76
65999,0.17
66000,0.01
66002,0.07
66003,0.74
66005,0.96
66006,0.53
66011,0.37
66013,0.47
66014,0.26
66015,0.19
66021,0.11
66023,0.42
66024,0.6
66026,0.3
66031,0.9
66032,0.95
66033,0.6
66034,0.73
66036,0.66
66037,0.9
66038,0.34
66039,0.94
66040,0.14
66041,0.15
66043,0.12
66046,0.34
66050,0.74
66051,0.58
66052,0.2
66054,0.53
66058,0.74
66063,0.29
66064,0.47
66065,0.34
66067,0.85
66069,0.37
66070,0.3
66072,0.77
66074,0.23
66076,0.48
66079,0.95
66080,0.99
66081,0.31
66083,0.54
66089,0.78
66090,0.57
66094,0.98
66095,0.02
66096,0.79
66097,0.68
66098,0.84
66099,0.09
66101,0.82
66103,0.24
66104,0.67
66105,0.6
66106,0.28
66107,0.18
66108,0.42
66112,0.65
66113,0.73
66114,0.6
66115,0.42
66116,0.24
66120,0.19
66123,0.47
66127,0.82
66132,0.86
66133,0.23
66136,0.1
66138,0.97
66141,0.54
66143,0.27
66144,0.68
66145,0.62
66149,0.58
66150,0.04
66152,0.5
66153,0.2
66156,0.11
66159,0.49
66161,0.03
66163,0.41
66164,0.83
66166,0.37
66167,0.24
66168,0.13
66169,0.74
66170,0.31
66171,0.1
66172,0.6
66178,0.17
66183,0.26
66184,0.54
66188,0.53
66189,0.81
66191,0.86
66192,0.74
66193,0.2
66194,0.43
66196,0.04
66200,0.86
66201,0.4
66202,0.58
66204,0.88
66208,0.53
66210,0.73
66212,0.21
66213,0.82
66214,0.64
66215,0.63
66217,0.7
66218,0.03
66219,0.64
66221,0.14
66223,0.75
66225,0.21
66226,0.85
66227,0.46
66228,0.8
66229,0.92
66233,0.45
66234,0.13
66237,0.49
66238,0.19
66240,0.49
66241,0.32
66244,0.58
66245,0.42
66246,0.78
66247,0.11
66249,0.39
66250,0.19
66254,0.93
66255,0.37
66260,0.02
66262,0.27
66263,0.55
66264,0.89
66265,0.93
66267,0.12
66268,0.76
66273,0.65
66276,0.36
66277,0.48
66280,0.65
66281,0.35
66283,0.53
66287,0.25
66288,0.74
66289,0.71
66292,0.39
66294,0.42
66295,0.21
66296,0.19
66298,0.07
66299,0.28
66300,0.39
66301,0.89
66303,0.29
66304,0.8
66305,0.83
66309,0.54
66312,0.15
66313,0.45
66315,0.61
66316,0.06
66317,0.79
66318,0.44
66320,0.58
66325,0.55
66326,0.47
66328,0.26
66331,0.52
66333,0.86
66334,0.87
66336,0.72
66340,0.34
66343,0.5
66344,0.83
66345,0.36
66346,0.8
66347,0.94
66348,0.56
66349,0.07
66351,0.78
66352,0.94
66353,0.93
66354,0.19
66355,0.52
66356,0.11
66358,0.48
66359,0.16
66360,0.63
66361,0.41
66362,0.93
66363,0.28
66364,0.18
66367,0.1
66370,0.97
66372,0.49
66374,0.7
66375,0.57
66378,0.33
66379,0.19
66381,0.49
66383,0.87
66384,0.09
66386,0.31
66387,0.51
66388,0.14
66390,0.83
66392,0.02
66393,0.36
66394,0.39
66395,0.71
66396,0.39
66398,0.55
66399,0.22
66402,0.1
66403,0.63
66404,0.07
66410,0.92
66414,0.93
66418,0.55
66419,0.59
66420,0.09
66421,0.38
66427,0.27
66430,0.48
66436,0.35
66438,0.12
66443,0.95
66444,0.35
66445,0.25
66446,0.85
66447,0.03
66448,0.94
66450,0.81
66451,0.63
66453,0.37
66454,0.87
66455,0.86
66456,0.21
66457,0.01
66459,0.3
66460,0.1
66461,0.91
66462,0.45
66466,0.95
66467,0.61
66471,0.68
66472,0.63
66473,0.09
66475,0.39
66476,0.23
66477,0.98
66479,0.43
66480,0.59
66481,0.61
66482,0.86
66483,0.16
66485,0.64
66486,0.94
66488,0.94
66490,0.56
66491,0.54
66492,0.52
66495,0.55
66499,0.97
66500,0.08
66501,0.21
66502,0.12
66504,0.88
66506,0.47
66507,0.17
66508,0.75
66509,0.39
66511,0.16
66512,0.14
66513,0.14
66516,0.78
66517,0.62
66518,0.38
66519,0.12
66527,0.8
66528,0.31
66530,0.08
66531,0.39
66532,0.19
66533,0.89
66534,0.9
66535,0.84
66541,0.81
66545,0.76
66547,0.79
66551,0.72
66556,0.62
66558,0.75
66561,0.43
66562,0.37
66563,0.82
66564,0.59
66565,0.7
66566,0.98
66567,0.47
66569,0.17
66571,0.15
66571,0.54
66574,0.38
66575,0.67
66576,0.58
66578,0.88
66580,0.95
66581,0.61
66582,0.12
66587,0.8
66588,0.05
66589,0.82
66590,0.76
66591,0.59
66592,0.89
66593,0.13
66594,0.94
66597,0.53
66599,0.03
66600,0.38
66602,0.71
66603,0.24
66604,0.76
66605,0.31
66606,0.58
66607,0.62
66610,0.37
66611,0.91
66612,0.52
66613,0.93
66614,0.66
66615,0.27
66616,0.02
66617,0.97
66620,0.79
66622,0.21
66624,0.95
66625,0.37
66626,0.71
66627,0.71
66629,0.61
66630,0.56
66631,0.05
66633,0.77
66635,0.31
66636,0.98
66638,0.09
66639,0.02
66641,0.58
66643,0.75
66645,0.48
66646,0.58
66648,0.3
66650,0.92
66654,0.68
66655,0.61
66656,0.51
66663,0.88
66670,0.4
66671,0.3
66672,0.84
66676,0.83
66678,0.21
66680,0.03
66682,0.12
66683,0.44
66687,0.41
66691,0.48
66693,0.19
66694,0.76
66695,0.8
66696,0.53
66699,0.35
66703,0.96
66707,0.0
66708,0.14
66711,0.76
66718,0.16
67483,0.23
67487,0.57
67489,0.71
67492,0.9
67494,0.22
67495,0.45
67497,0.71
67503,0.07
67504,0.58
67505,0.89
67506,0.58
67509,0.12
67512,0.38
67515,0.27
67516,0.88
67520,0.6
67524,0.15
67531,0.01
67534,0.81
67538,0.16
67542,0.29
67544,0.12
67545,0.95
67547,0.92
67549,0.93
67551,0.81
67553,0.12
67554,0.42
67557,0.84
67563,0.93
67565,0.2
67566,0.54
67567,0.8
67569,0.39
67573,0.82
67576,0.14
67580,0.72
67581,0.51
67582,0.73
67583,0.94
67588,0.52
67602,0.86
67610,0.51
67615,0.29
67624,0.32
67628,0.56
67629,0.51
67632,0.08
67634,0.53
67637,0.0
67639,0.43
67641,0.98
67642,0.74
67643,0.97
67645,0.79
67646,0.08
67647,0.31
67651,0.14
67652,0.11
67657,0.96
67660,0.77
67661,0.56
67665,0.07
67668,0.71
67670,0.26
67677,0.61
67682,0.11
67684,0.64
67688,0.41
67692,0.61
67693,0.1
67694,0.42
67695,0.94
67705,0.16
67707,0.96
67711,0.31
67716,0.92
67717,0.84
67723,0.84
67732,0.39
67735,0.22
67736,0.55
67739,0.05
67742,0.85
67743,0.49
67744,0.36
67747,0.63
67748,0.53
67749,0.71
67753,0.48
67757,0.98
67759,0.1
67762,0.87
67764,0.48
67765,0.2
67768,0.65
67771,0.62
67772,0.82
67778,0.27
67779,0.16
67782,0.05
67783,0.18
67785,0.55
67787,0.27
67788,0.65
67790,0.37
67791,0.36
67794,0.67
67795,0.85
67805,0.89
67809,0.48
67810,0.42
67812,0.35
67815,0.57
67818,0.12
67821,0.51
67824,0.57
67826,0.31
67830,0.8
67831,0.99
67836,0.59
67841,0.82
67846,0.57
67850,0.98
67852,0.55
67860,0.27
67861,0.0
67864,0.41
67868,0.81
67873,0.47
67875,0.39
67881,0.96
67888,0.62
67894,0.75
67898,0.71
67900,0.87
67902,0.79
67908,0.03
67909,0.37
67910,0.26
67912,0.08
67915,0.15
67921,0.55
67935,0.75
67938,0.3
67948,0.87
67953,0.13
67955,0.24
67956,0.33
67961,0.66
67965,0.23
67968,0.72
67971,0.25
67972,0.19
67978,0.63
67984,0.09
67986,0.82
67987,0.66
67988,0.23
68001,0.04
68002,0.66
68003,0.57
68016,0.26
68019,0.79
68021,0.14
68025,0.34
68027,0.75
68033,0.52
68034,0.43
68036,0.25
68038,0.46
68039,0.33
68047,0.86
68051,0.94
68053,0.49
68054,0.83
68055,0.11
68058,0.86
68062,0.03
68063,0.86
68065,0.47
68066,0.54
68068,0.0
68070,0.88
68071,0.65
68072,0.29
68075,0.02
68080,0.2
68081,0.88
68087,0.83
68090,0.48
68091,0.85
68099,0.84
68102,0.61
68110,0.96
68112,0.37
68113,0.14
68115,0.51
68136,0.78
68137,0.45
68138,0.24
68139,0.2
68142,0.87
68153,0.04
68154,0.69
68155,0.46
68156,0.86
68161,0.67
68173,0.9
68174,0.17
68175,0.2
68177,0.91
68178,0.98
68181,0.85
68187,0.22
68189,0.63
68200,0.66
68201,0.39
68202,0.09
68206,0.88
68208,0.51
68209,0.71
68212,0.74
68213,0.6
68217,0.63
68218,0.04
68221,0.52
68224,0.54
68229,0.36
68233,0.55
68234,0.58
68240,0.92
68276,0.68
68280,0.72
68287,0.58
68290,0.01
68296,0.64
68303,0.59
68306,0.5
68307,0.29
68312,0.1
68315,0.91
68322,0.75
68324,0.38
68332,0.89
68348,0.76
68351,0.71
68352,0.62
68357,0.63
68363,0.6
68366,0.53
68371,0.91
68373,0.93
68375,0.72
68379,0.94
68381,0.57
68383,0.84
68387,0.55
68396,0.33
70252,0.3
70253,0.51
70261,0.88
70263,0.75
70264,0.0
70266,0.54
70267,0.21
70269,0.39
70270,0.0
70271,0.64
70274,0.62
70275,0.53
70276,0.41
70277,0.2
70280,0.78
70282,0.8
70293,0.21
70294,0.37
70296,0.98
70298,0.79
70299,0.07
70300,0.61
70302,0.46
70303,0.16
70304,0.16
70305,0.89
70308,0.12
70311,0.16
70312,0.37
70318,0.8
70319,0.77
70322,0.44
70323,0.05
70325,0.34
70330,0.13
70332,0.71
70333,0.6
70340,0.14
70344,0.53
70348,0.26
70349,0.12
70351,0.3
70357,0.34
70361,0.59
70362,0.05
70367,0.68
70368,0.85
70369,0.57
70370,0.48
70373,0.22
70381,0.88
70386,0.33
70389,0.25
70393,0.46
70394,0.04
70396,0.89
70400,0.19
70402,0.05
70405,0.69
70406,0.58
70408,0.63
70411,0.17
70412,0.03
70416,0.16
70417,0.13
70418,0.77
70419,0.12
70419,0.06
70420,0.43
70424,0.14
70433,0.18
70435,0.62
70436,0.34
70437,0.8
70441,0.34
70442,0.18
70443,0.19
70445,0.99
70447,0.34
70450,0.31
70451,0.47
70452,0.43
70453,0.23
70455,0.6
70456,0.16
70458,0.7
70461,0.49
70462,0.64
70465,0.98
70466,0.31
70468,0.35
70471,0.12
70475,0.69
70477,0.57
70481,0.13
70484,0.36
70485,0.78
70487,0.67
70488,0.39
70489,0.58
70490,0.79
70491,0.91
70492,0.15
70495,0.61
70496,0.03
70497,0.44
70498,0.89
70500,0.27
70503,0.95
70505,0.65
70507,0.3
70508,0.02
70515,0.07
70517,0.23
70518,0.14
70519,0.42
70520,0.3
70521,0.72
70522,0.44
70523,0.65
70525,0.07
70530,0.7
70533,0.56
70535,0.79
70537,0.98
70539,0.29
70547,0.73
70554,0.17
70559,0.68
70560,0.92
70561,0.38
70564,0.59
70565,0.97
70566,0.42
70568,0.44
70572,0.22
70578,0.68
70581,0.93
70582,0.05
70583,0.55
70585,0.03
70586,0.92
70592,0.22
70593,0.05
70596,0.31
70598,0.17
70604,0.14
70607,0.39
70609,0.95
70613,0.72
70614,0.73
70615,0.83
70616,0.05
70624,0.62
70629,0.66
70631,0.1
70632,0.42
70635,0.16
70636,0.95
70637,0.03
70638,0.62
70642,0.67
70645,0.8
70650,0.4
70653,0.82
70656,0.04
70657,0.31
70658,0.85
70673,0.69
70678,0.34
70680,0.21
70684,0.64
70688,0.83
70691,0.21
70693,0.1
70695,0.76
70697,0.02
70704,0.08
70706,0.59
70708,0.75
70717,0.86
70718,0.13
70719,0.96
70721,0.17
70722,0.72
70724,0.22
70728,0.73
70735,0.82
70739,0.46
70743,0.68
70745,0.46
70747,0.86
70750,0.29
70751,0.24
70752,0.27
70758,0.97
70765,0.24
70766,0.73
70768,0.77
70770,0.57
70771,0.93
70776,0.4
70777,0.24
70778,0.77
70780,0.98
70784,0.47
70787,0.97
70788,0.09
70790,0.98
70792,0.74
70793,0.1
70794,0.84
70797,0.2
70798,0.85
70803,0.44
70804,0.06
70805,0.8
70813,0.63
70814,0.63
70815,0.01
70817,0.75
70821,0.41
70822,0.81
70825,0.53
70826,0.74
70828,0.15
70831,0.17
70833,0.98
70834,0.58
70835,0.89
70840,0.15
70842,0.05
70844,0.56
70846,0.46
70847,0.47
70849,0.41
70850,0.75
70851,0.59
70853,0.76
70854,0.03
70855,0.01
70860,0.89
70862,0.58
70867,0.26
70869,0.26
70870,0.78
70872,0.71
70873,0.06
70874,0.62
70876,0.45
70877,0.62
70878,0.11
70879,0.12
70880,0.42
70881,0.16
70882,0.62
70883,0.8
70884,0.35
70885,0.84
70886,0.07
70890,0.68
70891,0.89
70892,0.79
70894,0.35
70898,0.27
70900,0.92
70902,0.46
70905,0.75
70906,0.29
70907,0.22
70908,0.15
70909,0.13
70910,0.73
70917,0.7
70918,0.51
70921,0.36
70923,0.28
70925,0.66
70928,0.14
70930,0.99
70934,0.46
70940,0.45
70946,0.51
70947,0.18
70949,0.76
70950,0.2
70952,0.63
70953,0.36
70954,0.26
70957,0.54
70958,0.28
70960,0.19
70965,0.24
70967,0.69
70976,0.62
70981,0.35
70985,0.01
70987,0.21
70988,0.95
70991,0.15
70993,0.17
70994,0.68
70999,0.53
71002,0.99
71005,0.29
71008,0.44
71009,0.18
71010,0.86
71015,0.33
71017,0.12
71020,0.42
71026,0.61
71027,0.92
71028,0.99
71029,0.21
71033,0.51
71035,0.51
71036,0.35
71038,0.72
71039,0.18
71049,0.37
71057,0.69
71058,0.78
71062,0.56
71063,0.19
71066,0.08
71067,0.31
71071,0.03
71076,0.49
71078,0.81
71079,0.04
71081,0.19
71082,0.86
71083,0.74
71084,0.36
71085,0.21
71088,0.57
71090,0.67
71091,0.92
71093,0.43
71095,0.33
71096,0.76
71098,0.41
71099,0.08
71100,0.94
71101,0.06
71102,0.67
71105,0.18
71108,0.93
71113,0.3
71116,0.34
71120,0.56
71122,0.84
71124,0.6
71129,0.3
71137,0.82
71139,0.94
71141,0.52
71143,0.31
71144,0.65
71146,0.58
71148,0.09
71149,0.01
71152,0.65
71154,0.59
71155,0.87
71157,0.16
71158,0.95
71159,0.15
71161,0.15
71162,0.45
71163,0.38
71165,0.3
71169,0.87
71170,0.0
71172,0.1
71175,0.84
71176,0.03
71177,0.7
71178,0.25
71182,0.49
71186,0.11
71188,0.94
71190,0.8
71195,0.96
71197,0.74
71200,0.91
71202,0.95
71203,0.64
71204,0.46
71209,0.91
71210,0.52
71211,0.7
71214,0.01
71215,0.23
71216,0.03
71219,0.18
71220,0.25
71221,0.74
71222,0.39
71223,0.49
71224,0.42
71225,0.74
71227,0.66
71228,0.11
71229,0.66
71230,0.26
71231,0.53
71232,0.65
71234,0.48
71235,0.15
71236,0.01
71241,0.59
71242,0.53
71243,0.29
71245,0.83
71246,0.37
71247,0.27
71249,0.24
71252,0.95
71254,0.09
71256,0.59
71262,0.41
71263,0.39
71271,0.96
71273,0.76
71275,0.41
71277,0.46
71278,0.36
71279,0.79
71280,0.21
71283,0.56
71286,0.83
71287,0.26
71291,0.4
71293,0.79
71295,0.33
71301,0.31
71302,0.89
71303,0.88
71304,0.65
71306,0.11
71309,0.39
71312,0.72
71315,0.75
71316,0.89
71319,0.72
71322,0.09
71323,0.95
71325,0.97
71326,0.47
71329,0.19
71332,0.38
71335,0.59
71338,0.65
71339,0.64
71341,0.5
71342,0.35
71347,0.23
71351,0.26
71355,0.01
71357,0.3
71358,0.56
71361,0.77
71362,0.65
71366,0.28
71373,0.14
71375,0.11
71376,0.27
71379,0.83
71382,0.23
71385,0.2
71386,0.09
71387,0.77
71388,0.17
71390,0.87
71391,0.13
71392,0.33
71399,0.57
71401,0.75
71402,0.21
71406,0.69
71415,0.35
71416,0.44
71418,0.35
71421,0.21
71425,0.77
71430,0.79
71433,0.6
71440,0.99
71451,0.55
71452,0.88
71456,0.95
71459,0.32
71460,0.44
71462,0.35
71464,0.19
71474,0.17
71476,0.37
71477,0.66
71479,0.22
71480,0.95
71482,0.15
71491,0.58
71493,0.68
71494,0.67
71495,0.2
71497,0.77
71498,0.94
71499,0.77
71502,0.69
71509,0.11
71510,0.15
71511,0.8
71512,0.86
71513,0.13
71515,0.6
71516,0.7
71518,0.45
71522,0.31
71523,0.14
71530,0.43
71531,0.16
71534,0.4
71536,0.53
71541,0.43
71544,0.97
71548,0.04
71549,0.26
71552,0.86
71554,0.77
71556,0.78
71559,0.42
71560,0.96
71561,0.3
71562,0.98
71563,0.16
71571,0.91
71578,0.82
71580,0.53
71583,0.61
71584,0.86
71586,0.31
71596,0.39
71600,0.12
71601,0.83
71602,0.34
71603,0.04
71604,0.72
71605,0.28
71611,0.69
71617,0.24
71618,0.94
71625,0.21
71631,0.65
71632,0.44
71634,0.68
71636,0.9
71644,0.88
71645,0.71
71646,0.0
71648,0.83
71649,0.43
71651,0.86
71653,0.95
71659,0.74
71662,0.38
71666,0.53
71671,0.87
71674,0.74
71679,0.28
71687,0.53
71688,0.89
71691,0.15
71693,0.98
71695,0.19
71697,0.45
71698,0.66
71701,0.64
71702,0.57
71705,0.52
71708,0.0
71709,0.8
71710,0.65
71712,0.28
71714,0.83
71716,0.69
71717,0.07
71719,0.28
71720,0.5
71721,0.32
71722,0.02
71725,0.59
71726,0.34
71727,0.68
71729,0.9
71730,0.75
71738,0.83
71740,0.19
71742,0.72
71743,0.38
71744,0.03
71745,0.18
71746,0.9
71747,0.44
71749,0.42
71750,0.12
71752,0.12
71754,0.59
71755,0.56
71757,0.85
71759,0.91
71762,0.51
71764,0.52
71765,0.85
71768,0.42
71773,0.82
71774,0.71
71775,0.71
71783,0.41
71784,0.89
71788,0.25
71792,0.22
71797,0.42
71800,0.76
71802,0.27
71804,0.08
71810,0.19
71811,0.55
71813,0.82
71814,0.38
71822,0.5
71823,0.11
71825,0.78
71829,0.94
71832,0.54
71834,0.77
71835,0.1
71836,0.25
71841,0.41
71845,0.26
71846,0.1
71847,0.37
71848,0.97
71849,0.42
71850,0.18
71851,0.63
71853,0.05
71857,0.45
71858,0.41
71861,0.91
71862,0.64
71865,0.98
71867,0.71
71868,0.58
71872,0.51
71873,0.46
71875,0.06
71888,0.1
71889,0.6
71894,0.67
71897,0.24
71898,0.11
71901,0.25
71905,0.11
71907,0.42
71909,0.5
71910,0.36
71915,0.45
71917,0.52
71920,0.87
71921,0.79
71922,0.12
71924,0.88
71925,0.53
71929,0.56
71930,0.03
71931,0.74
71932,0.95
71939,0.48
71942,0.06
71945,0.1
71950,0.91
71951,0.53
71953,0.86
71955,0.44
71958,0.22
71961,0.27
71962,0.56
71969,0.25
71972,0.24
71976,0.53
71981,0.28
71984,0.82
71985,0.96
71994,0.35
72000,0.13
72002,0.77
72003,0.34
72005,0.29
72007,0.91
72011,0.16
72012,0.66
72013,0.79
72015,0.29
72017,0.92
72022,0.44
72023,0.78
72024,0.88
72025,0.5
72029,0.46
72030,0.52
72031,0.63
72033,0.37
72036,0.63
72038,0.86
72039,0.88
72042,0.06
72044,0.21
72046,0.8
72048,0.81
72050,0.4
72051,0.73
72055,0.09
72056,0.56
72058,0.06
72059,0.49
72060,0.9
72061,0.51
72064,0.32
72071,0.0
72072,0.52
72073,0.59
72074,0.33
72077,0.03
72079,0.16
72082,0.03
72086,0.42
72088,0.89
72091,0.03
72094,0.0
72095,0.7
72097,0.93
72102,0.49
72104,0.72
72106,0.6
72107,0.34
72109,0.07
72112,0.23
72116,0.82
72121,0.35
72125,0.49
72127,0.42
72128,0.26
72135,0.31
72137,0.77
72138,0.17
72139,0.27
72141,0.28
72144,0.15
72146,0.98
72147,0.46
72148,0.58
72151,0.3
72152,0.03
72155,0.36
72156,0.16
72157,0.38
72158,0.47
72163,0.45
72164,0.89
72167,0.47
72170,0.38
72172,0.03
72183,0.29
72202,0.29
72207,0.21
72208,0.74
72209,0.65
72215,0.11
72229,0.93
72230,0.35
72233,0.17
72236,0.89
72237,0.52
72239,0.7
72242,0.0
72243,0.57
72247,0.89
72248,0.86
72249,0.89
72253,0.05
72255,0.69
72256,0.43
72257,0.71
72260,0.23
72261,0.85
72262,0.18
72265,0.17
72266,0.94
72267,0.29
72272,0.41
72274,0.32
72275,0.73
72276,0.11
72280,0.93
72289,0.26
72290,0.38
72293,0.08
72295,0.2
72297,0.75
72298,0.28
72302,0.32
72307,0.61
72308,0.14
72309,0.01
72310,0.51
72311,0.43
72312,0.53
72313,0.17
72314,0.02
72315,0.06
72321,0.42
72322,0.81
72324,0.37
72325,0.36
72326,0.57
72327,0.32
72328,0.58
72329,0.94
72332,0.1
72336,0.67
72340,0.81
72341,0.67
72342,0.97
72344,0.92
72347,0.87
72349,0.21
72352,0.65
72353,0.43
72354,0.05
72359,0.41
72360,0.24
72365,0.56
72366,0.84
72367,0.54
72368,0.15
72371,0.94
72372,0.13
72376,0.38
72377,0.27
72378,0.95
72379,0.91
72380,0.5
72381,0.48
72384,0.08
72386,0.57
72390,0.44
72392,0.21
72393,0.31
72395,0.68
72396,0.86
72400,0.68
72401,0.41
72403,0.52
72404,0.95
72406,0.58
72408,0.73
72410,0.38
72414,0.14
72415,0.7
72418,0.28
72422,0.02
72428,0.82
72429,0.09
72430,0.91
72431,0.28
72432,0.78
72435,0.34
72436,0.05
72439,0.11
72442,0.37
72443,0.76
72447,0.92
72448,0.18
72450,0.66
72456,0.07
72457,0.07
72458,0.83
72461,0.46
72463,0.03
72464,0.5
72465,0.84
72467,0.66
72468,0.44
72474,0.07
72476,0.86
72477,0.15
72479,0.76
72480,0.66
72481,0.08
72482,0.59
72483,0.77
72485,0.76
72487,0.7
72490,0.14
72492,0.7
72495,0.97
72498,0.4
72499,0.21
72507,0.23
72510,0.43
72511,0.0
72512,0.09
72513,0.79
72516,0.71
72518,0.55
72521,0.88
72523,0.49
72525,0.11
72527,0.88
72528,0.8
72530,0.59
72532,0.25
72535,0.77
72537,0.4
72540,0.35
72543,0.22
72545,0.42
72547,0.05
72550,0.68
72553,0.42
72556,0.24
72557,0.17
72559,0.61
72560,0.12
72562,0.42
72564,0.77
72565,0.27
72566,0.17
72567,0.58
72569,0.59
72572,0.62
72573,0.56
72574,0.91
72576,0.5
72579,0.55
72581,0.26
72584,0.31
72587,0.08
72590,0.95
72593,0.83
72594,0.91
72597,0.96
72599,0.67
72603,0.45
72607,0.97
72611,0.66
72613,0.25
72622,0.07
72623,0.05
72624,0.79
72626,0.23
72627,0.47
72628,0.93
72629,0.44
72630,0.12
72631,0.68
72632,0.24
72633,0.19
72637,0.81
72641,0.81
72642,0.65
72643,0.73
72646,0.44
72648,0.46
72649,0.62
72654,0.75
72655,0.76
72657,0.54
72659,0.74
72660,0.18
72661,0.34
72662,0.52
72663,0.25
72664,0.13
72668,0.44
72669,0.43
72670,0.87
72671,0.64
72672,0.5
72674,0.42
72683,0.85
72684,0.22
72687,0.55
72690,0.18
72693,0.81
72695,0.75
72696,0.54
72698,0.91
72707,0.91
72708,0.59
72712,0.58
72715,0.32
72716,0.18
72717,0.27
72719,0.51
72720,0.48
72721,0.36
72722,0.25
72723,0.98
72724,0.97
72729,0.98
72738,0.39
72739,0.79
72741,0.37
72742,0.76
72743,0.86
72744,0.53
72745,0.21
72749,0.15
72752,0.27
72756,0.34
72758,0.59
72761,0.44
72762,0.45
72764,0.71
72770,0.54
72776,0.85
72777,0.84
72780,0.25
72782,0.84
72784,0.24
72786,0.64
72789,0.05
72791,0.22
72793,0.63
72797,0.86
72800,0.42
72801,0.22
72802,0.95
72806,0.29
72807,0.76
72811,0.17
72812,0.86
72813,0.78
72818,0.96
72820,0.2
72821,0.56
72822,0.22
72825,0.9
72828,0.44
72829,0.43
72837,0.81
72839,0.87
72840,0.46
72844,0.39
72846,0.5
72848,0.41
72849,0.06
72850,0.49
72852,0.47
72853,0.83
72856,0.9
72857,0.05
72858,0.9
72859,0.08
72861,0.56
72863,0.3
72864,0.2
72865,0.89
72870,0.39
72871,0.44
72872,0.76
72874,0.48
72876,0.86
72877,0.19
72878,0.91
72880,0.16
72883,0.27
72884,0.4
72887,0.65
72889,0.24
72890,0.57
72893,0.4
72899,0.05
72900,0.74
72902,0.37
72903,0.05
72904,0.44
72905,0.74
72913,0.13
72914,0.65
72917,0.39
72922,0.02
72925,0.98
72927,0.96
72928,0.23
72929,0.18
72932,0.17
72934,0.63
72935,0.87
72938,0.34
72939,0.61
72942,0.0
72943,0.99
72944,0.24
72947,0.44
72948,0.48
72950,0.97
72951,0.88
72952,0.15
72953,0.97
72954,0.92
72956,0.18
72957,0.22
72958,0.82
72961,0.24
72963,0.15
72964,0.53
72967,0.72
72972,0.0
72973,0.41
72974,0.18
72976,0.96
72978,0.33
72980,0.79
72981,0.54
72983,0.17
72985,0.33
72986,0.88
72988,0.44
72989,0.05
72990,0.2
72994,0.69
72995,0.95
72996,0.47
72997,0.38
72999,0.3
73000,0.09
73007,0.29
73010,0.17
73011,0.59
73013,0.87
73019,0.72
73020,0.94
73021,0.14
73023,0.03
73030,0.62
73031,0.39
73033,0.08
73035,0.08
73036,0.25
73037,0.03
73038,0.8
73039,0.15
73040,0.14
73043,0.98
73044,0.51
73046,0.68
73047,0.04
73048,0.19
73050,0.78
73053,0.17
73055,0.01
73056,0.92
73058,0.12
73060,0.03
73062,0.41
73063,0.73
73064,0.6
73065,0.94
73067,0.07
73068,0.66
73071,0.62
73076,0.08
73078,0.93
73079,0.1
73080,0.98
73082,0.41
73084,0.12
73089,0.35
73091,0.12
73092,0.11
73095,0.36
73097,0.73
73098,0.72
73104,0.51
73109,0.7
73112,0.01
73115,0.55
73118,0.59
73119,0.22
73120,0.39
73122,0.63
73125,0.84
73126,0.22
73127,0.28
73129,0.77
73131,0.89
73132,0.5
73136,0.68
73141,0.94
73142,0.88
73144,0.3
73145,0.49
73146,0.19
73148,0.54
73149,0.8
73151,0.01
73152,0.24
73153,0.12
73154,0.91
73161,0.69
73162,0.66
73164,0.57
73166,0.98
73167,0.81
73168,0.74
73169,0.83
73170,0.63
73171,0.68
73173,0.82
73175,0.85
73176,0.58
73177,0.59
73180,0.82
73184,0.61
73186,0.15
73187,0.87
73189,0.67
73193,0.14
73194,0.88
73195,0.54
73196,0.34
73197,0.54
73199,0.13
73201,0.48
73203,0.82
73207,0.99
73208,0.06
73211,0.29
73213,0.82
73218,0.48
73220,0.88
73225,0.15
73226,0.5
73228,0.71
73229,0.81
73232,0.91
73235,0.79
73242,0.82
73243,0.41
73246,0.16
73248,0.62
73252,0.44
73253,0.76
73254,0.06
73255,0.26
73257,0.09
73258,0.33
73273,0.35
73275,0.24
73277,0.05
73278,0.23
73280,0.17
73281,0.86
73282,0.05
73283,0.28
73284,0.24
73287,0.54
73289,0.8
73293,0.45
73294,0.23
73296,0.74
73298,0.25
73300,0.97
73304,0.27
73306,0.02
73311,0.74
73312,0.37
73313,0.6
73315,0.77
73319,0.5
73322,0.89
73325,0.47
73327,0.2
73328,0.53
73330,0.55
73331,0.93
73332,0.58
73333,0.71
73334,0.5
73336,0.19
73337,0.95
73339,0.85
73343,0.58
73345,0.7
73346,0.08
73347,0.0
73353,0.28
73357,0.62
73358,0.71
73359,0.55
73361,0.67
73362,0.34
73367,0.02
73371,0.06
73372,0.26
73373,0.0
73377,0.9
73384,0.79
73387,0.7
73389,0.43
73390,0.86
73392,0.4
73396,0.74
73398,0.41
73401,0.32
73403,0.49
73407,0.62
73409,0.99
73410,0.36
73414,0.58
73415,0.8
73417,0.98
73422,0.47
73423,0.04
73425,0.47
73426,0.95
73427,0.02
73428,0.46
73432,0.61
73433,0.98
73436,0.13
73437,0.62
73441,0.6
73444,0.3
73446,0.94
73447,0.16
73448,0.23
73449,0.22
73451,0.81
73455,0.49
73462,0.77
73464,0.78
73465,0.78
73466,0.69
73467,0.26
73472,0.14
73473,0.49
73476,0.35
73478,0.07
73479,0.78
73481,0.02
73485,0.61
73486,0.46
73495,0.76
73496,0.97
73497,0.87
73503,0.95
73510,0.6
73513,0.31
73515,0.93
73517,0.12
73518,0.0
73525,0.33
73526,0.61
73533,0.78
73536,0.77
73538,0.92
73539,0.97
73541,0.81
73542,0.7
73543,0.92
73544,0.3
73546,0.63
73547,0.24
73549,0.37
73552,0.13
73554,0.07
73560,0.9
73561,0.53
73562,0.01
73565,0.8
73571,0.77
73572,0.88
73575,0.55
73577,0.93
73578,0.92
73579,0.83
73582,0.84
73583,0.6
73585,0.21
73586,0.34
73587,0.15
73589,0.49
73590,0.42
73593,0.16
73595,0.79
73598,0.57
73601,0.01
73602,0.03
73603,0.84
73608,0.38
73611,0.97
73612,0.93
73613,0.05
73615,0.8
73617,0.88
73618,0.68
73621,0.68
73623,0.19
73628,0.63
73629,0.15
73630,0.5
73631,0.36
73634,0.72
73635,0.68
73636,0.41
73639,0.56
73645,0.65
73647,0.08
73648,0.99
73649,0.85
73650,0.63
73652,0.85
73654,0.21
73655,0.33
73657,0.54
73658,0.28
73660,0.37
73666,0.96
73667,0.17
73669,0.7
73672,0.64
73674,0.96
73676,0.0
73677,0.87
73681,0.03
73682,0.03
73686,0.81
73687,0.26
73688,0.42
73689,0.58
73693,0.31
73694,0.32
73695,0.27
73702,0.54
73703,0.99
73705,0.59
73707,0.69
73710,0.61
73711,0.79
73712,0.33
73715,0.86
73719,0.87
73721,0.55
73723,0.12
73725,0.55
73728,0.17
73729,0.53
73732,0.76
73733,0.42
73734,0.38
73737,0.6
73739,0.41
73740,0.8
73742,0.78
73747,0.17
73748,0.22
73751,0.53
73752,0.29
73754,0.97
73755,0.57
73756,0.67
73757,0.66
73763,0.7
73765,0.17
73769,0.06
73772,0.39
73773,0.69
73777,0.85
73783,0.64
73791,0.67
73792,0.48
73793,0.51
73799,0.28
73803,0.2
73807,0.89
73809,0.77
73813,0.08
73814,0.46
73816,0.75
73817,0.41
73819,0.5
73822,0.55
73823,0.5
73831,0.69
73834,0.19
73836,0.87
73837,0.26
73840,0.37
73844,0.71
73848,0.64
73853,0.53
73859,0.23
73860,0.46
73862,0.7
73863,0.82
73871,0.85
73874,0.62
73876,0.56
73878,0.54
73882,0.59
73883,0.98
73887,0.61
74060,0.29
74061,0.92
74062,0.21
74063,0.74
74067,0.83
74072,0.28
74073,0.4
74074,0.41
74075,0.97
74076,0.64
74081,0.3
74082,0.29
74084,0.17
74085,0.16
74086,0.37
74087,0.13
74093,0.86
74094,0.88
74095,0.78
74097,0.55
74098,0.21
74102,0.66
74107,0.55
74108,0.18
74109,0.56
74110,0.43
74113,0.97
74114,0.34
74116,0.0
74118,0.51
74123,0.84
74126,0.92
74128,0.69
74129,0.36
74131,0.64
74132,0.5
74133,0.0
74134,0.9
74137,0.2
74142,0.52
74143,0.15
74144,0.6
74145,0.53
74146,0.39
74149,0.25
74164,0.79
74168,0.91
74180,0.64
74181,0.99
74182,0.73
74189,0.63
74192,0.42
74194,0.16
74199,0.58
74200,0.22
74201,0.06
74202,0.43
74204,0.52
74213,0.7
74216,0.78
74219,0.33
74220,0.45
74223,0.67
74227,0.77
74228,0.77
74230,0.15
74231,0.7
74232,0.95
74254,0.18
44344,0.01
45840,0.09
46357,0.49
46366,0.8
50190,0.11
50194,0.69
50217,0.21
50219,0.31
50224,0.83
50231,0.0
50235,0.53
50250,0.57
50253,0.69
50286,0.82
50290,0.17
50312,0.05
50314,0.44
50351,0.96
50363,0.22
50369,0.22
50413,0.25
50454,0.76
50468,0.06
50481,0.78
50491,0.43
50551,0.26
50552,0.25
50569,0.96
50575,0.78
50590,0.35
50594,0.54
50619,0.63
50631,0.9
50642,0.56
50666,0.68
50683,0.6
50689,0.01
50697,0.54
50698,0.96
50699,0.79
50709,0.86
50718,0.37
50741,0.79
50749,0.77
50768,0.28
50779,0.25
50783,0.34
50797,0.78
50803,0.66
50851,0.86
50870,0.28
50878,0.33
50880,0.96
50911,0.4
50927,0.4
50939,0.22
50942,0.7
50957,0.02
50994,0.57
51000,0.31
51013,0.3
51021,0.81
51047,0.42
51048,0.06
51094,0.0
51100,0.6
51111,0.13
51114,0.51
51125,0.95
51170,0.05
51181,0.09
51238,0.7
51244,0.89
51265,0.97
51304,0.29
51323,0.99
51327,0.2
51329,0.59
51415,0.8
51545,0.96
51547,0.73
51573,0.62
51593,0.41
51618,0.5
51627,0.63
51686,0.75
51703,0.55
51784,0.79
51800,0.4
51844,0.31
51861,0.14
51881,0.61
51885,0.26
52022,0.27
52092,0.8
52175,0.63
52220,0.58
52230,0.57
52257,0.01
52280,0.35
52346,0.7
65428,0.12
65429,0.14
65433,0.88
65436,0.86
65437,0.59
65440,0.21
65442,0.62
65450,0.89
65456,0.96
65459,0.74
65464,0.73
65465,0.24
65466,0.47
65468,0.42
65472,0.37
65475,0.4
65479,0.44
65480,0.87
65481,0.39
65483,0.96
65488,0.16
65492,0.87
65493,0.56
65494,0.01
65500,0.95
65502,0.61
65504,0.87
65506,0.08
65507,0.67
65509,0.8
65513,0.16
65514,0.49
65518,0.93
65528,0.39
65529,0.57
65530,0.74
65534,0.84
65536,0.2
65537,0.17
65542,0.54
65546,0.28
65551,0.23
65556,0.73
65564,0.16
65570,0.17
65577,0.41
65586,0.83
65589,0.44
65590,0.81
65591,0.16
65593,0.72
65594,0.13
65596,0.48
65600,0.28
65605,0.94
65606,0.03
65608,0.81
65609,0.19
65612,0.46
65613,0.08
65622,0.76
65623,0.78
65625,0.26
65626,0.14
65628,0.91
65629,0.18
65633,0.89
65635,0.51
65636,0.25
65638,0.88
65645,0.25
65649,0.25
65654,0.45
65655,0.91
65657,0.48
65659,0.81
65665,0.95
65668,0.52
65669,0.02
65670,0.65
65674,0.96
65677,0.41
65685,0.18
65693,0.16
65699,0.32
65704,0.75
65705,0.48
65714,0.55
65716,0.62
65718,0.02
65719,0.48
65723,0.54
65726,0.25
65730,0.98
65731,0.71
65733,0.51
65736,0.99
65738,0.06
65739,0.45
65740,0.45
65743,0.99
65744,0.15
65750,0.23
65751,0.6
65753,0.53
65754,0.61
65755,0.0
65759,0.48
65760,0.24
65761,0.09
65763,0.79
65769,0.15
65771,0.57
65774,0.71
65776,0.28
65777,0.91
65779,0.05
65782,0.15
65785,0.19
65786,0.79
65798,0.7
65802,0.77
65806,0.42
65811,0.25
65813,0.89
65814,0.77
65815,0.7
65825,0.32
65826,0.25
65829,0.44
65836,0.83
65838,0.62
65843,0.66
65848,0.51
65856,0.67
65860,0.25
65861,0.74
65863,0.01
65864,0.13
65865,0.29
65866,0.48
65867,0.11
65870,0.89
65872,0.43
65874,0.32
65879,0.12
65890,0.77
65893,0.87
65895,0.97
65899,0.25
65902,0.2
65903,0.27
65905,0.47
65907,0.99
65908,0.39
65924,0.65
65929,0.72
65930,0.86
65932,0.78
65933,0.76
65937,0.22
65940,0.8
65949,0.47
65955,0.01
65957,0.83
65959,0.19
65961,0.58
65964,0.45
65969,0.02
65972,0.54
65975,0.11
65976,0.39
65983,0.65
65991,0.99
65997,0.77
65998,0.15
65999,0.82
66000,0.33
66011,0.43
66013,0.05
66014,0.76
66015,0.63
66017,0.99
66023,0.21
66026,0.17
66033,0.11
66034,0.51
66039,0.93
66043,0.5
66050,0.7
66051,0.95
66052,0.47
66054,0.18
66058,0.05
66059,0.83
66064,0.26
66065,0.52
66070,0.47
66072,0.06
66079,0.58
66081,0.68
66083,0.1
66089,0.14
66095,0.63
66096,0.02
66097,0.68
66099,0.22
66103,0.52
66107,0.36
66111,0.08
66112,0.14
66114,0.02
66116,0.92
66118,0.69
66120,0.16
66123,0.25
66127,0.2
66133,0.71
66134,0.2
66136,0.1
66138,0.37
66144,0.71
66145,0.87
66149,0.34
66150,0.13
66153,0.13
66159,0.09
66161,0.11
66166,0.37
66168,0.33
66169,0.4
66171,0.09
66178,0.16
66182,0.16
66183,0.66
66186,0.61
66191,0.94
66192,0.0
66193,0.11
66194,0.03
66202,0.41
66208,0.12
66210,0.97
66211,0.84
66212,0.85
66213,0.03
66215,0.81
66221,0.68
66225,0.18
66226,0.01
66233,0.11
66234,0.8
66237,0.73
66245,0.97
66246,0.05
66247,0.07
66249,0.5
66255,0.1
66263,0.62
66264,0.56
66267,0.11
66268,0.72
66276,0.01
66277,0.07
66280,0.1
66281,0.52
66283,0.99
66287,0.09
66293,0.84
66294,0.83
66295,0.07
66298,0.35
66300,0.92
66303,0.75
66304,0.13
66305,0.53
66309,0.84
66311,0.85
66312,0.2
66313,0.49
66316,0.93
66317,0.38
66318,0.19
66331,0.87
66332,0.86
66333,0.06
66334,0.08
66340,0.0
66344,0.25
66345,0.37
66346,0.37
66347,0.6
66349,0.43
66351,0.85
66352,0.43
66354,0.73
66356,0.61
66360,0.05
66361,0.16
66363,0.5
66364,0.37
66367,0.23
66370,0.5
66375,0.09
66379,0.71
66384,0.2
66387,0.69
66388,0.84
66392,0.56
66395,0.38
66398,0.87
66402,0.32
66403,0.58
66414,0.17
66418,0.55
66421,0.91
66426,0.56
66427,0.95
66429,0.75
66432,0.47
66438,0.41
66443,0.26
66444,0.73
66445,0.51
66450,0.41
66457,0.31
66467,0.25
66468,0.24
66471,0.74
66473,0.22
66476,0.97
66477,0.56
66479,0.51
66480,0.86
66481,0.92
66486,0.3
66488,0.63
66491,0.7
66500,0.32
66504,0.84
66507,0.01
66508,0.17
66513,0.46
66515,0.32
66517,0.97
66527,0.83
66528,0.34
66530,0.5
66535,0.17
66539,0.87
66540,0.71
66541,0.29
66545,0.43
66556,0.52
66560,0.09
66569,0.86
66575,0.51
66578,0.48
66582,0.1
66587,0.65
66588,0.57
66589,0.89
66590,0.35
66592,0.32
66593,0.46
66594,0.12
66599,0.39
66602,0.88
66605,0.67
66606,0.41
66610,0.18
66611,0.81
66614,0.93
66618,0.18
66624,0.57
66626,0.22
66627,0.53
66628,0.79
66631,0.64
66636,0.11
66638,0.23
66639,0.33
66643,0.52
66645,0.07
66648,0.17
66655,0.56
66656,0.04
66663,0.25
66670,0.29
66671,0.53
66672,0.12
66675,0.82
66682,0.28
66703,0.02
66708,0.89
66711,0.57
67483,0.75
67487,0.01
67512,0.74
67520,0.27
67557,0.81
67563,0.76
67573,0.85
67602,0.75
67641,0.01
67668,0.06
67684,0.25
67692,0.89
67707,0.87
67735,0.75
67748,0.15
67753,0.22
67788,0.39
67812,0.59
67815,0.72
67818,0.31
67824,0.14
67830,0.12
67841,0.04
67860,0.74
67875,0.73
67888,0.51
67915,0.76
67956,0.4
67961,0.52
67965,0.49
67968,0.14
67986,0.06
68019,0.39
68036,0.27
68068,0.31
68075,0.98
68091,0.14
68099,0.99
68110,0.84
68154,0.69
68161,0.64
68173,0.03
68201,0.1
68217,0.25
68233,0.6
68296,0.36
68312,0.22
68351,0.92
68352,0.84
68363,0.9
68373,0.39
70253,0.76
70271,0.22
70274,0.15
70281,0.93
70288,0.6
70302,0.67
70322,0.79
70324,0.3
70335,0.52
70348,0.24
70361,0.43
70362,0.11
70365,0.89
70370,0.96
70393,0.91
70400,0.08
70405,0.11
70406,0.68
70418,0.53
70424,0.53
70433,0.27
70436,0.55
70447,0.98
70451,0.68
70452,0.97
70461,0.97
70477,0.76
70485,0.57
70492,0.77
70495,0.74
70497,0.41
70498,0.37
70505,0.67
70507,0.52
70518,0.32
70523,0.7
70530,0.55
70535,0.71
70539,0.5
70547,0.73
70564,0.42
70565,0.14
70567,0.37
70581,0.14
70583,0.04
70598,0.92
70601,0.82
70604,0.53
70607,0.5
70613,0.09
70614,0.11
70616,0.03
70629,0.94
70636,0.17
70642,0.79
70645,0.35
70650,0.24
70656,0.86
70657,0.75
70658,0.97
70659,0.35
70678,0.66
70688,0.08
70695,0.6
70717,0.52
70722,0.17
70724,0.42
70730,0.34
70733,0.62
70738,0.97
70739,0.77
70745,0.03
70752,0.92
70765,0.4
70768,0.44
70776,0.49
70777,0.78
70790,0.27
70797,0.41
70800,0.79
70815,0.75
70820,0.68
70825,0.97
70828,0.0
70840,0.38
70844,0.95
70849,0.89
70860,0.16
70867,0.9
70869,0.87
70870,0.34
70873,0.45
70876,0.41
70880,0.38
70881,0.89
70885,0.48
70894,0.61
70917,0.37
70925,0.22
70930,0.21
70940,0.03
70957,0.48
70985,0.58
70991,0.72
71009,0.67
71028,0.7
71029,0.86
71033,0.01
71045,0.48
71048,0.87
71049,0.94
71057,0.3
71059,0.39
71063,0.47
71074,0.5
71077,0.42
71081,0.97
71083,0.54
71095,0.87
71096,0.48
71098,0.89
71099,0.79
71101,0.56
71102,0.76
71103,0.14
71105,0.26
71106,0.67
71124,0.79
71126,0.63
71139,0.93
71148,0.29
71154,0.35
71158,0.66
71159,0.85
71177,0.85
71188,0.48
71195,0.75
71197,0.54
71201,0.84
71211,0.55
71215,0.67
71216,0.94
71234,0.43
71239,0.3
71241,0.57
71263,0.86
71270,0.52
71271,0.83
71273,0.78
71274,0.22
71279,0.27
71292,0.15
71301,0.36
71306,0.2
71309,0.78
71329,0.16
71332,0.36
71334,0.76
71335,0.18
71338,0.29
71341,0.44
71345,0.17
71346,0.77
71355,0.61
71361,0.35
71362,0.99
71385,0.83
71386,0.51
71397,0.18
71440,0.43
71451,0.06
71459,0.43
71474,0.67
71482,0.33
71522,0.65
71523,0.68
71534,0.54
71544,0.09
71554,0.95
71562,0.41
71563,0.4
71570,0.76
71571,0.68
71572,0.09
71580,0.09
71584,0.9
71600,0.59
71601,0.5
71602,0.2
71605,0.07
71607,0.64
71611,0.91
71624,0.77
71631,0.84
71632,0.29
71634,0.84
71648,0.48
71650,0.08
71653,0.16
71666,0.68
71693,0.57
71695,0.56
71698,0.61
71701,0.94
71702,0.51
71710,0.6
71713,0.39
71714,0.37
71719,0.42
71727,0.62
71728,0.18
71730,0.99
71743,0.49
71744,0.32
71750,0.12
71759,0.77
71761,0.96
71764,0.61
71765,0.92
71770,0.42
71773,0.48
71774,0.35
71784,0.09
71792,0.94
71795,0.05
71812,0.56
71825,0.0
71829,0.7
71833,0.57
71841,0.9
71851,0.2
71857,0.91
71858,0.79
71862,0.55
71865,0.86
71875,0.19
71888,0.53
71889,0.24
71894,0.27
71913,0.04
71925,0.2
71931,0.17
71932,0.46
71939,0.69
71948,0.56
71950,0.92
71957,0.18
71981,0.96
71984,0.64
71986,0.02
72007,0.41
72011,0.2
72029,0.98
72038,0.39
72042,0.66
72044,0.24
72053,0.54
72058,0.83
72059,0.51
72077,0.43
72088,0.97
72094,0.84
72109,0.55
72112,0.54
72114,0.86
72125,0.69
72135,0.76
72137,0.86
72151,0.72
72152,0.8
72157,0.65
72163,0.18
72165,0.82
72209,0.06
72230,0.62
72233,0.41
72239,0.41
72255,0.58
72257,0.19
72260,0.72
72263,0.16
72266,0.26
72267,0.46
72273,0.01
72274,0.62
72280,0.61
72290,0.99
72297,0.18
72300,0.16
72310,0.68
72311,0.38
72314,0.81
72321,0.7
72326,0.8
72329,0.38
72340,0.35
72341,0.39
72365,0.44
72374,0.03
72396,0.24
72401,0.68
72411,0.29
72422,0.75
72430,0.67
72432,0.87
72435,0.28
72447,0.72
72448,0.67
72457,0.5
72461,0.23
72463,0.13
72465,0.68
72467,0.17
72468,0.41
72471,0.56
72477,0.82
72479,0.11
72485,0.81
72495,0.16
72498,0.29
72507,0.87
72518,0.74
72527,0.98
72537,0.22
72553,0.8
72560,0.0
72562,0.78
72566,0.31
72567,0.08
72578,0.14
72590,0.27
72594,0.23
72599,0.59
72613,0.34
72623,0.85
72628,0.26
72633,0.82
72636,0.75
72642,0.19
72643,0.64
72648,0.84
72649,0.48
72655,0.0
72658,0.09
72659,0.46
72663,0.58
72664,0.95
72668,0.61
72669,0.85
72683,0.17
72688,0.45
72691,0.31
72707,0.26
72708,0.91
72719,0.17
72721,0.38
72729,0.48
72739,0.92
72741,0.81
72745,0.43
72750,0.71
72752,0.53
72756,0.94
72791,0.33
72793,0.7
72802,0.35
72811,0.17
72812,0.37
72828,0.58
72829,0.08
72837,0.72
72849,0.71
72853,0.5
72854,0.34
72855,0.81
72857,0.04
72858,0.13
72861,0.91
72866,0.29
72871,0.03
72887,0.38
72890,0.83
72902,0.63
72903,0.24
72904,0.27
72913,0.75
72927,0.65
72928,0.77
72929,0.21
72934,0.3
72935,0.22
72938,0.47
72942,0.19
72943,0.37
72950,0.54
72951,0.67
72954,0.78
72964,0.87
72967,0.88
72968,0.0
72973,0.06
72981,0.56
72982,0.94
72984,0.11
72985,0.04
72986,0.49
72988,0.41
72989,0.11
72990,0.17
72995,0.65
72997,0.73
72999,0.78
73020,0.93
73030,0.16
73033,0.67
73055,0.7
73064,0.61
73072,0.4
73080,0.94
73082,0.33
73095,0.69
73104,0.44
73112,0.57
73115,0.5
73118,0.33
73119,0.43
73127,0.14
73129,0.77
73132,0.69
73136,0.49
73162,0.31
73176,0.66
73187,0.02
73189,0.85
73203,0.85
73207,0.73
73211,0.5
73218,0.66
73220,0.75
73225,0.92
73232,0.47
73248,0.16
73250,0.06
73252,0.12
73253,0.65
73257,0.03
73273,0.09
73277,0.87
73284,0.16
73294,0.51
73300,0.05
73306,0.82
73312,0.68
73313,0.95
73318,0.73
73319,0.08
73328,0.9
73334,0.76
73341,0.82
73348,0.2
73372,0.23
73384,0.03
73395,0.23
73396,0.58
73398,0.98
73401,0.02
73403,0.67
73407,0.39
73408,0.47
73409,0.53
73410,0.34
73417,0.94
73425,0.55
73428,0.88
73462,0.39
73472,0.76
73478,0.67
73481,0.45
73485,0.77
73495,0.12
73525,0.26
73526,0.05
73546,0.16
73549,0.35
73561,0.98
73562,0.8
73571,0.01
73572,0.76
73575,0.51
73579,0.65
73584,0.51
73589,0.91
73590,0.42
73593,0.89
73595,0.21
73611,0.54
73617,0.66
73623,0.98
73635,0.59
73654,0.57
73657,0.11
73672,0.87
73678,0.68
73678,0.83
73681,0.38
73682,0.12
73688,0.4
73689,0.56
73694,0.52
73702,0.11
73703,0.12
73710,0.73
73711,0.96
73737,0.56
73739,0.39
73742,0.79
73747,0.44
73748,0.34
73754,0.02
73757,0.04
73759,0.89
73765,0.1
73769,0.7
73772,0.55
73773,0.09
73785,0.33
73792,0.66
73803,0.71
73807,0.3
73813,0.74
73814,0.7
73819,0.65
73831,0.69
73840,0.4
73853,0.62
73871,0.31
73883,0.19
74060,0.56
74063,0.97
74073,0.49
74086,0.79
74126,0.24
74132,0.11
74134,0.7
74137,0.38
74138,0.16
74149,0.44
74192,0.1
74200,0.69
74202,0.22
74204,0.9
74216,0.69
74256,0.37
74257,0.01
74261,0.85
74262,0.83
74263,0.88
74265,0.78
74274,0.92
74275,0.71
74282,0.36
74283,0.48
74284,0.51
74285,0.32
74288,0.21
74305,0.04
74306,0.17
74312,0.37
74319,0.36
74320,0.93
74322,0.94
74326,0.63
74340,0.09
74352,0.78
74360,0.41
74361,0.47
74368,0.43
74376,0.81
74388,0.86
74390,0.96
74391,0.15
74394,0.53
74409,0.34
74411,0.97
74417,0.27
74425,0.01
74434,0.93
74445,0.12
74455,0.4
74473,0.79
74481,0.58
74503,0.68
74505,0.91
74506,0.52
74508,0.44
74525,0.19
74531,0.23
74536,0.6
74539,0.9
74550,0.93
74560,0.57
74574,0.26
74579,0.25
74581,0.06
74590,0.41
74610,0.46
74625,0.52
74626,0.58
74629,0.37
74639,0.68
74641,0.86
74647,0.91
74659,0.97
74660,0.52
74676,0.14
74687,0.95
74688,0.25
74709,0.47
74730,0.94
74756,0.18
74765,0.08
74766,0.63
74778,0.92
74783,0.53
74797,0.5
74805,0.38
74808,0.03
74814,0.02
74834,0.63
74837,0.28
74862,0.1
74878,0.96
74882,0.57
74883,0.74
74885,0.26
74893,0.96
74905,0.2
74933,0.38
74938,0.94
74939,0.45
74940,0.65
74942,0.9
74956,0.35
74971,0.74
74973,0.81
74974,0.64
74975,0.62
74978,0.98
74990,0.34
74998,0.3
75006,0.27
75021,0.0
75026,0.24
75030,0.42
75044,0.83
75046,0.66
75054,0.62
75057,0.5
75066,0.01
75081,0.81
75092,0.63
75096,0.73
75101,0.68
75104,0.08
75110,0.01
75112,0.33
75121,0.59
75128,0.6
75131,0.3
75132,0.09
75135,0.75
75137,0.35
75138,0.84
75139,0.48
75140,0.69
75155,0.48
75160,0.02
75164,0.73
75166,0.04
75172,0.89
75187,0.6
75188,0.84
75190,0.89
75191,0.25
75192,0.71
75194,0.04
75206,0.14
75208,0.15
75210,0.0
75212,0.15
75213,0.36
75215,0.02
75220,0.51
75225,0.46
75229,0.94
75230,0.12
75246,0.79
75248,0.54
75255,0.2
75259,0.65
75271,0.53
75272,0.26
75275,0.37
75288,0.89
75291,0.57
75292,0.61
75293,0.45
75294,0.88
75305,0.1
75306,0.71
75307,0.07
75312,0.96
75314,0.7
75319,0.63
75324,0.2
75326,0.71
75335,0.62
75344,0.84
75348,0.63
75353,0.19
75357,0.07
75370,0.57
75382,0.45
75388,0.3
75389,0.92
75400,0.08
75402,0.14
75414,0.93
75425,0.25
75430,0.09
75442,0.28
75443,0.79
75447,0.35
75449,0.83
75452,0.36
75469,0.85
75491,0.7
75502,0.22
75508,0.4
75514,0.92
75518,0.79
75526,0.27
75535,0.47
75548,0.37
75556,0.3
75563,0.13
75624,0.96
75625,0.72
75626,0.9
75629,0.87
75632,0.76
75633,0.89
75645,0.28
75647,0.5
75650,0.48
75657,0.42
75671,0.91
75672,0.91
75677,0.71
75686,0.86
75708,0.92
75731,0.04
75736,0.41
75738,0.06
75763,0.41
75764,0.35
75765,0.26
75786,0.57
75790,0.45
75795,0.65
75816,0.24
75819,0.72
75825,0.26
75827,0.0
75835,0.86
75836,0.73
75844,0.41
75851,0.51
75855,0.24
75856,0.53
75866,0.66
75895,0.05
75902,0.57
75905,0.69
75906,0.52
75919,0.65
75928,0.57
75931,0.81
75934,0.86
75942,0.01
75945,0.75
75946,0.21
75948,0.36
75966,0.19
75967,0.23
75971,0.83
75978,0.64
75988,0.64
75993,0.8
76004,0.0
76008,0.93
76017,0.02
76019,0.45
76038,0.54
76044,0.74
76047,0.87
76054,0.85
76056,0.63
76057,0.44
76062,0.25
76065,0.76
76079,0.64
76087,0.23
76089,0.73
76093,0.34
76099,0.23
76103,0.27
76112,0.99
76116,0.79
76120,0.15
76123,0.58
76131,0.8
76138,0.53
76143,0.78
76146,0.15
76147,0.14
76164,0.97
76167,0.1
76173,0.64
76177,0.78
76180,0.89
76186,0.67
76206,0.42
76216,0.68
76221,0.98
76222,0.12
76227,0.09
76234,0.74
76240,0.81
76253,0.97
76265,0.4
76266,0.49
76278,0.86
76280,0.7
76285,0.58
76290,0.38
76294,0.02
76295,0.75
76296,0.06
76307,0.48
76318,0.25
76323,0.32
76324,0.47
76325,0.78
76327,0.01
76329,0.7
76330,0.31
76331,0.03
76333,0.19
76335,0.35
76342,0.31
76345,0.27
76347,0.76
76357,0.0
76358,0.59
76359,0.55
76362,0.34
76364,0.29
76377,0.53
76381,0.35
76383,0.54
76387,0.88
76388,0.79
76391,0.57
76395,0.82
76398,0.64
76413,0.68
76416,0.5
76418,0.21
76419,0.87
76424,0.52
76427,0.99
76440,0.35
76442,0.67
76443,0.35
76456,0.51
76458,0.52
76459,0.81
76469,0.49
76472,0.79
76476,0.4
76477,0.17
76486,0.21
76487,0.65
76490,0.2
76492,0.99
76512,0.43
76515,0.46
76516,0.38
76524,0.28
76526,0.53
76527,0.89
76529,0.84
76533,0.16
76541,0.79
76544,0.59
76547,0.3
76557,0.72
76568,0.94
76578,0.77
76582,0.48
76585,0.01
76587,0.47
76590,0.13
76591,0.58
76592,0.96
76594,0.98
76608,0.57
76610,0.57
76618,0.5
76638,0.83
76646,0.01
76660,0.4
76663,0.82
76672,0.81
76682,0.15
76690,0.03
76696,0.11
76700,0.28
76707,0.06
76710,0.13
76711,0.11
76712,0.98
76716,0.04
76718,0.8
76725,0.31
76728,0.73
76734,0.42
76742,0.8
76744,0.68
76748,0.44
76751,0.08
76762,0.48
76765,0.32
76767,0.99
76768,0.99
76769,0.17
76771,0.08
76786,0.61
76787,0.56
76798,0.28
76799,0.77
76800,0.24
76801,0.14
76808,0.05
76816,0.41
76817,0.28
76827,0.78
76829,0.92
76830,0.03
76831,0.81
76841,0.56
76843,0.48
76851,0.43
76852,0.79
76854,0.74
76861,0.13
76862,0.02
76869,0.61
76871,0.63
76881,0.44
76882,0.81
76884,0.57
76900,0.19
76902,0.57
76906,0.88
76913,0.56
76916,0.76
76917,0.67
76918,0.77
76930,0.96
76936,0.91
76938,0.51
76948,0.36
76957,0.07
76958,0.43
76959,0.97
76966,0.04
76972,0.68
76975,0.3
76979,0.44
76987,0.08
76989,0.31
76994,0.32
76996,0.66
76999,0.29
77007,0.75
77010,0.28
77013,0.02
77022,0.89
77024,0.56
77027,0.29
77030,0.08
77039,0.25
77049,0.01
77058,0.61
77061,0.02
77069,0.45
77072,0.67
77076,0.24
77077,0.5
77080,0.12
77081,0.43
77084,0.34
77109,0.54
77124,0.86
77136,0.08
77137,0.01
77138,0.6
77139,0.4
77148,0.43
77154,0.63
77155,0.3
77168,0.46
77178,0.01
77183,0.95
77185,0.81
77189,0.76
77190,0.68
77207,0.57
77208,0.43
77222,0.73
77223,0.55
77246,0.42
77247,0.88
77250,0.33
77265,0.29
77266,0.7
77268,0.69
77274,0.54
77275,0.66
77282,0.12
77294,0.02
77304,0.25
77308,0.56
77309,0.23
77311,0.52
77312,0.69
77330,0.42
77333,0.59
77351,0.57
77352,0.48
77364,0.41
77366,0.75
77368,0.99
77374,0.65
77377,0.1
77383,0.97
77387,0.89
77390,0.17
77395,0.84
77400,0.99
77407,0.51
77417,0.45
77419,0.43
77450,0.21
77452,0.52
77456,0.58
77464,0.93
77473,0.29
77477,0.07
77480,0.97
77488,0.56
77490,0.72
77491,0.19
77496,0.24
77498,0.18
77505,0.04
77508,0.74
77513,0.78
77526,0.71
77528,0.82
77546,0.86
77550,0.26
77551,0.39
77552,0.95
77554,0.25
77556,0.26
77563,0.61
77568,0.82
77569,0.49
77572,0.41
77579,0.28
77583,0.38
77585,0.59
77591,0.4
77593,0.32
77595,0.82
77597,0.82
77601,0.96
77608,0.15
77612,0.22
77620,0.06
77621,0.25
77628,0.95
77630,0.11
77631,0.71
77635,0.04
77637,0.91
77638,0.68
77641,0.48
77642,0.25
77643,0.04
77646,0.21
77651,0.78
77653,0.12
77655,0.27
77661,0.32
77662,0.22
77663,0.96
77666,0.17
77668,0.29
77670,0.25
77673,0.15
77674,0.76
77675,0.38
40204,0.32
41634,0.25
41728,0.47
42129,0.64
42956,0.37
44197,0.01
44216,0.05
44217,0.45
44288,0.49
44344,0.37
44346,0.87
44420,0.17
44546,0.26
44685,0.4
44711,0.71
44721,0.91
44755,0.73
44756,0.16
44757,0.61
44792,0.28
44793,0.57
44846,0.69
44849,0.77
44944,0.21
45017,0.05
45090,0.25
45184,0.38
45252,0.11
45253,0.98
45254,0.13
45304,0.21
45309,0.5
45310,0.22
45311,0.47
45359,0.7
45477,0.49
45530,0.88
45562,0.12
45568,0.84
45571,0.09
45620,0.54
45642,0.08
45744,0.78
45815,0.51
45818,0.01
45823,0.24
45828,0.12
45835,0.97
45840,0.5
45853,0.57
45896,0.33
45906,0.34
45925,0.02
45926,0.58
45936,0.69
46052,0.47
46092,0.63
46101,0.18
46155,0.66
46178,0.81
46263,0.72
46265,0.75
46351,0.04
46357,0.66
46358,0.1
46366,0.93
46503,0.67
46507,0.68
46558,0.0
46564,0.9
46569,0.91
46572,0.62
46573,0.28
46574,0.81
46582,0.11
46583,0.76
46596,0.4
46727,0.01
46793,0.36
46913,0.44
46918,0.79
46922,0.47
46982,0.23
47011,0.98
47026,0.21
47102,0.99
47187,0.1
47191,0.57
47192,0.45
47205,0.28
47224,0.34
47236,0.14
47239,0.59
47242,0.94
47402,0.41
47408,0.42
47421,0.79
47422,0.73
47425,0.48
47507,0.63
47555,0.31
47566,0.63
47585,0.01
47600,0.23
47675,0.86
47679,0.65
47751,0.37
47768,0.3
47769,0.25
47772,0.28
47782,0.66
47843,0.77
47904,0.24
47913,0.47
47914,0.64
47998,0.52
48004,0.66
48036,0.89
48075,0.17
48114,0.08
48170,0.37
48179,0.86
48217,0.2
48369,0.64
48494,0.2
48515,0.26
48538,0.69
48621,0.43
48926,0.99
49010,0.27
49014,0.44
49015,0.16
49016,0.39
49025,0.02
49044,0.75
49147,0.75
49181,0.65
49184,0.45
49188,0.85
49218,0.86
49268,0.29
49273,0.68
49277,0.08
49278,0.84
49380,0.1
49449,0.68
49454,0.98
49469,0.9
49474,0.65
49475,0.87
49478,0.3
49484,0.32
49529,0.38
50171,0.93
50172,0.45
50179,0.36
50182,0.91
50187,0.59
50189,0.3
50190,0.1
50191,0.86
50194,0.01
50199,0.26
50200,0.98
50211,0.01
50217,0.2
50219,0.57
50220,0.04
50224,0.51
50225,0.44
50226,0.84
50227,0.92
50230,0.19
50231,0.6
50233,0.37
50234,0.19
50235,0.24
50244,0.01
50250,0.31
50253,0.25
50256,0.69
50259,0.4
50277,0.66
50286,0.96
50296,0.0
50300,0.5
50303,0.04
50312,0.12
50313,0.18
50314,0.11
50318,0.47
50319,0.24
50320,0.56
50324,0.34
50326,0.75
50334,0.93
50342,0.04
50344,0.97
50351,0.21
50363,0.76
50366,0.56
50369,0.46
50379,0.53
50396,0.02
50399,0.52
50400,0.83
50402,0.3
50412,0.68
50413,0.87
50414,0.32
50416,0.71
50422,0.87
50425,0.49
50426,0.83
50427,0.15
50428,0.75
50434,0.76
50442,0.38
50445,0.88
50446,0.45
50447,0.95
50450,0.87
50451,0.46
50452,0.43
50453,0.08
50454,0.86
50462,0.49
50465,0.76
50466,0.59
50468,0.95
50470,0.14
50473,0.35
50475,0.62
50481,0.68
50483,0.85
50489,0.79
50491,0.4
50494,0.73
50495,0.23
50497,0.81
50500,0.48
50505,0.17
50507,0.06
50510,0.03
50518,0.89
50521,0.68
50522,0.59
50526,0.54
50530,0.15
50534,0.98
50542,0.89
50543,0.81
50550,0.28
50551,0.22
50552,0.13
50553,0.78
50560,0.48
50567,0.32
50569,0.24
50571,0.2
50572,0.16
50573,0.22
50575,0.56
50580,0.8
50585,0.57
50586,0.13
50587,0.92
50588,0.19
50589,0.29
50590,0.18
50593,0.52
50594,0.55
50595,0.76
50596,0.81
50597,0.22
50600,0.61
50614,0.32
50616,0.17
50617,0.72
50619,0.32
50621,0.31
50623,0.6
50624,0.53
50631,0.16
50632,0.18
50633,0.9
50639,0.69
50642,0.98
50648,0.33
50655,0.83
50657,0.24
50660,0.67
50663,0.73
50666,0.73
50671,0.87
50679,0.84
50682,0.1
50683,0.9
50685,0.15
50688,0.89
50689,0.6
50697,0.93
50699,0.79
50709,0.06
50718,0.15
50719,0.98
50728,0.15
50729,0.39
50733,0.11
50741,0.34
50749,0.2
50754,0.49
50763,0.42
50768,0.99
50770,0.16
50773,0.31
50780,0.4
50782,0.05
50795,0.87
50796,0.26
50797,0.19
50798,0.24
50799,0.65
50801,0.08
50803,0.91
50804,0.52
50816,0.6
50817,0.37
50821,0.02
50823,0.83
50825,0.69
50827,0.96
50830,0.54
50831,0.0
50839,0.69
50851,0.44
50855,0.97
50870,0.46
50875,0.78
50878,0.25
50879,0.13
50880,0.53
50885,0.7
50886,0.45
50888,0.3
50897,0.87
50899,0.58
50900,0.94
50901,0.28
50906,0.95
50907,0.16
50908,0.13
50911,0.35
50918,0.57
50927,0.23
50934,0.62
50939,0.9
50941,0.24
50942,0.58
50943,0.31
50945,0.81
50946,0.17
50947,0.36
50948,0.25
50956,0.08
50957,0.98
50960,0.63
50980,0.71
50986,0.19
50988,0.53
50991,0.85
50993,0.82
50994,0.29
51000,0.52
51001,0.91
51002,0.98
51003,0.62
51013,0.1
51021,0.3
51022,0.48
51025,0.99
51033,0.93
51035,0.86
51039,0.18
51040,0.11
51041,0.14
51042,0.3
51043,0.42
51048,0.36
51053,0.78
51061,0.28
51063,0.25
51072,0.01
51078,0.83
51081,0.14
51091,0.03
51100,0.85
51103,0.49
51107,0.37
51114,0.22
51115,0.58
51116,0.89
51118,0.74
51123,0.27
51125,0.65
51152,0.07
51155,0.28
51170,0.1
51171,0.17
51179,0.54
51180,0.49
51181,0.13
51183,0.73
51192,0.98
51193,0.08
51201,0.98
51205,0.1
51211,0.62
51217,0.75
51219,0.66
51225,0.52
51227,0.38
51234,0.77
51238,0.55
51239,0.27
51242,0.74
51244,0.38
51254,0.24
51255,0.2
51256,0.09
51262,0.42
51265,0.14
51285,0.82
51298,0.47
51314,0.85
51319,0.2
51320,0.59
51323,0.95
51327,0.49
51329,0.22
51342,0.12
51352,0.68
51356,0.03
51357,0.91
51360,0.77
51361,0.71
51366,0.08
51372,0.34
51373,0.2
51378,0.57
51379,0.17
51380,0.96
51383,0.71
51387,0.8
51391,0.42
51402,0.94
51415,0.97
51416,0.05
51427,0.85
51437,0.77
51443,0.66
51450,0.11
51453,0.99
51457,0.11
51460,0.65
51462,0.01
51474,0.14
51475,0.22
51481,0.28
51484,0.8
51488,0.95
51496,0.06
51504,0.93
51508,0.27
51522,0.13
51524,0.43
51529,0.29
51533,0.8
51540,0.31
51545,0.69
51547,0.87
51548,0.05
51550,0.26
51562,0.81
51573,0.87
51591,0.23
51592,0.33
51593,0.39
51618,0.46
51625,0.78
51626,0.74
51627,0.85
51639,0.23
51671,0.64
51672,0.17
51686,0.43
51687,0.75
51703,0.56
51708,0.27
51733,0.7
51738,0.22
51755,0.84
51761,0.33
51777,0.1
51783,0.85
51787,0.34
51800,0.92
51809,0.41
51819,0.27
51835,0.81
51844,0.77
51845,0.81
51855,0.91
51858,0.23
51861,0.07
51868,0.52
51876,0.71
51881,0.03
51883,0.9
51885,0.99
51888,0.04
51889,0.96
51894,0.48
51895,0.97
51899,0.29
51929,0.71
51932,0.62
51933,0.46
51934,0.25
51938,0.56
51956,0.36
51959,0.97
52003,0.06
52022,0.39
52025,0.91
52027,0.38
52028,0.61
52036,0.91
52058,0.77
52059,0.52
52082,0.03
52087,0.81
52088,0.24
52089,0.06
52090,0.27
52091,0.68
52092,0.66
52096,0.94
52110,0.19
52117,0.82
52120,0.1
52141,0.66
52145,0.86
52146,0.06
52147,0.22
52167,0.6
52175,0.7
52209,0.33
52221,0.18
52230,0.57
52242,0.08
52255,0.47
52257,0.81
52258,0.4
52259,0.47
52261,0.44
52269,0.24
52275,0.77
52276,0.24
52279,0.18
52282,0.38
52289,0.78
52290,0.79
52293,0.26
52294,0.73
52301,0.62
52307,0.67
52308,0.18
52319,0.27
52330,0.84
52335,0.77
52346,0.32
52348,0.09
52356,0.82
52357,0.29
52371,0.21
52376,0.02
52444,0.81
52458,0.74
65428,0.47
65432,0.01
65433,0.75
65435,0.53
65436,0.05
65437,0.39
65440,0.92
65441,0.93
65442,0.01
65445,0.72
65450,0.01
65451,0.92
65454,0.96
65456,0.73
65457,0.97
65459,0.54
65461,0.71
65463,0.59
65464,0.96
65465,0.05
65466,0.18
65468,0.95
65472,0.26
65475,0.0
65479,0.32
65480,0.39
65481,0.31
65483,0.68
65487,0.16
65488,0.07
65492,0.56
65493,0.41
65494,0.97
65496,0.08
65500,0.86
65502,0.34
65504,0.7
65506,0.78
65507,0.52
65509,0.53
65510,0.83
65512,0.24
65513,0.66
65514,0.61
65517,0.54
65518,0.45
65525,0.23
65528,0.97
65529,0.45
65530,0.21
65533,0.1
65534,0.47
65536,0.07
65537,0.38
65539,0.34
65542,0.48
65543,0.45
65546,0.37
65547,0.07
65551,0.53
65552,0.36
65556,0.9
65559,0.91
65563,0.39
65564,0.33
65570,0.95
65577,0.78
65581,0.16
65582,0.32
65583,0.46
65584,0.51
65586,0.79
65587,0.92
65589,0.08
65590,0.32
65591,0.59
65593,0.92
65595,0.76
65596,0.2
65597,0.57
65599,0.84
65600,0.68
65605,0.09
65606,0.05
65607,0.12
65608,0.64
65609,0.19
65610,0.56
65612,0.45
65613,0.07
65614,0.09
65618,0.72
65622,0.66
65623,0.1
65625,0.11
65626,0.09
65628,0.24
65629,0.48
65633,0.48
65634,0.88
65635,0.1
65636,0.61
65637,0.35
65638,0.38
65645,0.52
65649,0.89
65652,0.77
65654,0.55
65655,0.0
65656,0.55
65657,0.03
65659,0.29
65662,0.11
65665,0.34
65668,0.76
65669,0.51
65670,0.3
65672,0.86
65674,0.67
65677,0.51
65681,0.79
65683,0.06
65685,0.21
65687,0.92
65691,0.74
65692,0.55
65693,0.96
65699,0.57
65703,0.92
65704,0.63
65705,0.11
65710,0.06
65714,0.54
65716,0.61
65718,0.89
65719,0.72
65723,0.97
65724,0.76
65726,0.54
65727,0.35
65728,0.88
65730,0.23
65731,0.43
65733,0.16
65736,0.01
65738,0.12
65740,0.3
65741,0.92
65743,0.27
65744,0.59
65750,0.26
65751,0.14
65753,0.94
65754,0.78
65755,0.32
65759,0.19
65760,0.41
65761,0.11
65763,0.72
65764,0.22
65769,0.71
65773,0.95
65774,0.13
65775,0.9
65776,0.24
65777,0.76
65778,0.84
65779,0.3
65783,0.53
65784,0.04
65785,0.12
65786,0.27
65787,0.42
65792,0.88
65797,0.98
65798,0.46
65801,0.7
65802,0.37
65806,0.95
65808,0.66
65809,0.61
65811,0.38
65813,0.36
65814,0.85
65815,0.07
65817,0.8
65823,0.51
65825,0.9
65826,0.32
65833,0.8
65834,0.41
65836,0.75
65838,0.26
65840,0.07
65841,0.22
65843,0.63
65848,0.92
65851,0.19
65856,0.15
65861,0.16
65863,0.79
65864,0.18
65865,0.07
65866,0.37
65867,0.37
65869,0.52
65870,0.92
65871,0.99
65872,0.89
65874,0.3
65876,0.43
65879,0.59
65883,0.75
65885,0.16
65886,0.78
65888,0.72
65890,0.38
65893,0.41
65894,0.47
65899,0.11
65902,0.95
65903,0.88
65905,0.17
65907,0.78
65908,0.95
65909,0.05
65911,0.42
65924,0.34
65928,0.97
65929,0.53
65930,0.61
65932,0.68
65933,0.81
65937,0.15
65940,0.07
65946,0.88
65949,0.95
65952,0.89
65953,0.85
65955,0.3
65957,0.09
65959,0.55
65961,0.75
65963,0.91
65964,0.69
65968,0.19
65969,0.04
65971,0.22
65972,0.08
65974,0.57
65975,0.58
65976,0.92
65978,0.79
65979,0.53
65981,0.45
65982,0.21
65983,0.63
65985,0.07
65987,0.19
65989,0.5
65991,0.77
65992,0.38
65994,0.36
65997,0.49
65998,0.33
65999,0.74
66000,0.32
66002,0.3
66006,0.53
66011,0.43
66013,0.33
66014,0.7
66015,0.61
66017,0.22
66021,0.45
66023,0.55
66026,0.06
66031,0.88
66032,0.6
66033,0.02
66034,0.37
66036,0.83
66037,0.33
66038,0.43
66039,0.29
66041,0.16
66043,0.58
66044,0.09
66046,0.98
66050,0.83
66051,0.17
66052,0.44
66054,0.9
66058,0.58
66059,0.61
66063,0.58
66064,0.48
66065,0.99
66067,0.62
66069,0.86
66070,0.31
66072,0.09
66074,0.1
66079,0.69
66081,0.61
66083,0.46
66089,0.33
66090,0.99
66095,0.16
66096,0.53
66098,0.75
66099,0.84
66101,0.39
66103,0.18
66104,0.66
66105,0.81
66107,0.52
66108,0.63
66111,0.82
66112,0.46
66114,0.05
66115,0.15
66116,0.71
66118,0.17
66119,0.51
66120,0.47
66123,0.42
66126,0.38
66127,0.48
66132,0.11
66133,0.09
66136,0.7
66138,0.54
66141,0.0
66143,0.48
66144,0.35
66145,0.2
66149,0.36
66150,0.23
66152,0.54
66153,0.24
66156,0.06
66159,0.8
66161,0.92
66166,0.93
66167,0.7
66168,0.96
66169,0.7
66170,0.23
66171,0.1
66172,0.72
66178,0.11
66182,0.34
66183,0.62
66186,0.67
66191,0.99
66192,0.91
66193,0.56
66194,0.12
66196,0.22
66200,0.82
66201,0.38
66202,0.87
66208,0.79
66210,0.96
66211,0.11
66212,0.33
66213,0.7
66215,0.74
66218,0.3
66219,0.92
66221,0.61
66223,0.12
66225,0.3
66226,0.01
66227,0.14
66232,0.56
66233,0.74
66234,0.33
66237,0.67
66238,0.74
66240,0.28
66241,0.65
66245,0.15
66246,0.38
66247,0.76
66249,0.36
66250,0.8
66253,0.2
66255,0.43
66260,0.18
66262,0.7
66263,0.07
66264,0.76
66265,0.65
66267,0.4
66273,0.74
66276,0.87
66277,0.69
66280,0.6
66281,0.25
66283,0.7
66287,0.82
66288,0.69
66289,0.28
66292,0.65
66293,0.18
66294,0.67
66295,0.57
66298,0.69
66299,0.56
66300,0.36
66301,0.6
66303,0.91
66304,0.29
66305,0.7
66311,0.72
66312,0.24
66313,0.96
66315,0.64
66316,0.05
66317,0.17
66318,0.09
66331,0.91
66332,0.1
66333,0.96
66334,0.64
66340,0.76
66343,0.83
66344,0.64
66345,0.51
66346,0.66
66347,0.81
66348,0.77
66349,0.3
66351,0.9
66352,0.16
66353,0.54
66354,0.92
66356,0.35
66358,0.25
66360,0.52
66361,0.16
66363,0.85
66364,0.24
66367,0.01
66370,0.85
66374,0.04
66375,0.03
66379,0.35
66381,0.05
66384,0.2
66387,0.76
66388,0.88
66390,0.25
66392,0.54
66393,0.38
66394,0.83
66395,0.32
66398,0.13
66399,0.55
66402,0.99
66403,0.8
66414,0.2
66418,0.45
66421,0.15
66426,0.15
66427,0.83
66429,0.28
66430,0.91
66432,0.07
66433,0.87
66435,0.02
66436,0.88
66438,0.18
66443,0.96
66444,0.65
66445,0.78
66447,0.85
66448,0.73
66450,0.81
66451,0.21
66455,0.45
66457,0.9
66460,0.12
66461,0.32
66467,0.04
66468,0.89
66471,0.76
66472,0.26
66473,0.77
66476,0.23
66477,0.66
66479,0.62
66480,0.93
66481,0.98
66485,0.47
66486,0.62
66488,0.77
66490,0.11
66491,0.27
66499,0.43
66500,0.92
66504,0.42
66506,0.16
66507,0.39
66508,0.48
66513,0.84
66515,0.56
66517,0.86
66519,0.83
66527,0.63
66528,0.74
66530,0.56
66532,0.97
66535,0.73
66539,0.73
66540,0.69
66541,0.99
66544,0.87
66545,0.75
66546,0.42
66547,0.22
66556,0.26
66558,0.57
66560,0.36
66561,0.05
66562,0.64
66563,0.05
66567,0.49
66569,0.21
66574,0.87
66575,0.24
66576,0.78
66578,0.89
66580,0.71
66581,0.5
66587,0.87
66588,0.47
66589,0.69
66590,0.98
66592,0.64
66593,0.59
66594,0.45
66597,0.35
66599,0.57
66602,0.75
66604,0.37
66605,0.1
66606,0.11
66610,0.41
66611,0.38
66612,0.7
66613,0.1
66614,0.35
66615,0.51
66616,0.3
66617,0.32
66618,0.12
66620,0.17
66622,0.4
66624,0.57
66626,0.55
66627,0.23
66629,0.72
66630,0.3
66631,0.54
66636,0.09
66639,0.59
66640,0.01
66643,0.14
66645,0.02
66648,0.42
66650,0.3
66655,0.69
66656,0.66
66658,0.55
66660,0.62
66661,0.74
66663,0.14
66668,0.91
66670,0.09
66671,0.37
66672,0.46
66673,0.56
66675,0.49
66678,0.7
66680,0.14
66682,0.17
66683,0.81
66687,0.87
66693,0.01
66696,0.83
66703,0.97
66707,0.42
66708,0.25
66709,0.7
66711,0.37
66713,0.93
67483,0.41
67487,0.04
67492,0.1
67495,0.64
67497,0.33
67504,0.0
67505,0.82
67512,0.01
67520,0.84
67531,0.19
67534,0.6
67538,0.86
67542,0.2
67545,0.87
67547,0.67
67551,0.11
67553,0.21
67557,0.19
67561,0.81
67563,0.0
67564,0.29
67565,0.96
67566,0.23
67567,0.13
67576,0.35
67581,0.68
67586,0.74
67588,0.23
67590,0.59
67602,0.94
67608,0.54
67622,0.76
67628,0.79
67629,0.23
67641,0.76
67642,0.23
67643,0.53
67646,0.25
67647,0.65
67652,0.79
67657,0.37
67661,0.64
67665,0.74
67668,0.5
67670,0.34
67682,0.42
67684,0.28
67692,0.36
67693,0.8
67705,0.57
67707,0.53
67716,0.38
67728,0.41
67735,0.27
67739,0.28
67743,0.42
67744,0.02
67747,0.09
67748,0.58
67753,0.13
67757,0.75
67762,0.46
67764,0.41
67778,0.93
67779,0.31
67782,0.31
67783,0.41
67787,0.31
67788,0.25
67789,0.0
67790,0.55
67794,0.01
67805,0.8
67809,0.29
67810,0.7
67812,0.51
67815,0.9
67818,0.08
67824,0.21
67830,0.33
67831,0.48
67841,0.0
67846,0.72
67850,0.83
67860,0.52
67864,0.82
67875,0.99
67881,0.39
67888,0.44
67894,0.67
67898,0.08
67900,0.21
67909,0.17
67910,0.75
67912,0.42
67915,0.38
67953,0.72
67961,0.05
67965,0.82
67968,0.47
67986,0.06
67988,0.79
67990,0.68
68003,0.15
68019,0.0
68025,0.36
68033,0.82
68036,0.36
68038,0.8
68039,0.63
68047,0.89
68051,0.85
68053,0.61
68055,0.71
68065,0.6
68066,0.32
68067,0.65
68068,0.29
68069,0.19
68075,0.59
68081,0.81
68090,0.73
68091,0.23
68099,0.03
68110,0.36
68113,0.03
68142,0.76
68154,0.88
68155,0.76
68173,0.17
68175,0.87
68177,0.65
68189,0.47
68201,0.32
68202,0.57
68206,0.82
68209,0.72
68212,0.27
68217,0.34
68224,0.09
68233,0.64
68240,0.41
68255,0.84
68266,0.08
68280,0.59
68287,0.14
68296,0.98
68303,0.56
68306,0.68
68307,0.21
68315,0.63
68319,0.4
68322,0.86
68348,0.7
68351,0.55
68352,0.22
68363,0.24
68366,0.9
68373,0.05
68375,0.33
68379,0.62
68381,0.08
70245,0.59
70253,0.48
70264,0.96
70269,0.5
70271,0.59
70274,0.69
70276,0.36
70277,0.3
70280,0.97
70281,0.4
70282,0.61
70288,0.92
70290,0.57
70294,0.13
70295,0.35
70298,0.35
70299,0.78
70303,0.07
70305,0.25
70308,0.35
70312,0.47
70318,0.84
70324,0.27
70333,0.67
70344,0.61
70348,0.79
70349,0.85
70357,0.75
70362,0.79
70365,0.5
70367,0.41
70368,0.28
70370,0.81
70386,0.09
70389,0.38
70393,0.81
70400,0.0
70405,0.38
70406,0.2
70408,0.64
70411,0.14
70418,0.03
70420,0.59
70424,0.6
70433,0.19
70442,0.09
70451,0.86
70452,0.33
70453,0.47
70455,0.32
70458,0.97
70461,0.6
70462,0.09
70465,0.53
70466,0.83
70477,0.64
70481,0.76
70484,0.0
70485,0.04
70492,0.79
70495,0.14
70496,0.27
70497,0.94
70499,0.22
70503,0.16
70505,0.97
70507,0.12
70518,0.13
70519,0.1
70521,0.27
70522,0.41
70529,0.95
70530,0.98
70533,0.6
70535,0.63
70537,0.3
70539,0.8
70547,0.72
70554,0.09
70559,0.07
70564,0.2
70565,0.76
70567,0.58
70568,0.49
70572,0.68
70576,0.69
70580,0.29
70581,0.94
70583,0.16
70592,0.74
70598,0.19
70604,0.47
70607,0.72
70609,0.01
70613,0.36
70614,0.0
70615,0.03
70616,0.99
70629,0.53
70631,0.24
70632,0.02
70635,0.08
70636,0.85
70637,0.86
70642,0.75
70645,0.73
70650,0.33
70653,0.42
70656,0.73
70658,0.93
70659,0.21
70678,0.69
70688,0.01
70691,0.93
70693,0.65
70695,0.31
70706,0.15
70717,0.75
70718,0.0
70719,0.71
70722,0.47
70724,0.49
70728,0.12
70730,0.14
70737,0.52
70739,0.43
70745,0.07
70747,0.73
70750,0.45
70752,0.68
70755,0.18
70763,0.37
70765,0.1
70766,0.42
70768,0.19
70773,0.19
70777,0.2
70784,0.81
70788,0.56
70790,0.49
70792,0.73
70794,0.97
70797,0.25
70798,0.29
70800,0.72
70804,0.3
70805,0.41
70813,0.67
70814,0.6
70815,0.6
70818,0.69
70825,0.77
70828,0.67
70834,0.89
70840,0.16
70841,0.18
70844,0.5
70846,0.69
70847,0.62
70849,0.92
70850,0.74
70853,0.79
70855,0.29
70860,0.24
70862,0.74
70867,0.7
70870,0.25
70872,0.55
70873,0.21
70874,0.88
70876,0.18
70877,0.3
70878,0.25
70879,0.41
70880,0.4
70881,0.99
70882,0.22
70883,0.46
70885,0.12
70886,0.88
70892,0.65
70894,0.65
70898,0.15
70902,0.72
70907,0.27
70909,0.76
70917,0.34
70921,0.4
70925,0.76
70928,0.3
70930,0.84
70934,0.31
70946,0.53
70947,0.97
70950,0.71
70953,0.58
70954,0.4
70956,0.65
70957,0.95
70960,0.53
70964,0.39
70965,0.27
70976,0.36
70979,0.64
70981,0.73
70985,0.54
70987,0.03
70991,0.98
70999,0.09
71001,0.46
71005,0.74
71009,0.13
71010,0.37
71020,0.11
71026,0.44
71028,0.16
71033,0.79
71035,0.34
71036,0.65
71045,0.74
71049,0.4
71057,0.66
71059,0.28
71063,0.17
71066,0.19
71071,0.13
71074,0.33
71078,0.48
71081,0.53
71083,0.3
71084,0.57
71085,0.41
71088,0.57
71090,0.81
71095,0.29
71096,0.24
71098,0.62
71099,0.18
71100,0.71
71101,0.91
71102,0.07
71103,0.94
71106,0.02
71116,0.66
71120,0.85
71122,0.8
71124,0.99
71141,0.16
71143,0.13
71144,0.08
71146,0.61
71148,0.93
71152,0.2
71154,0.75
71157,0.36
71158,0.95
71159,0.1
71163,0.19
71170,0.34
71177,0.52
71182,0.46
71186,0.74
71188,0.51
71190,0.07
71193,0.03
71195,0.26
71197,0.43
71203,0.39
71209,0.46
71211,0.93
71215,0.43
71216,0.47
71219,0.9
71220,0.84
71221,0.51
71224,0.83
71229,0.67
71234,0.1
71235,0.76
71236,0.72
71241,0.03
71243,0.75
71246,0.72
71249,0.76
71250,0.47
71252,0.25
71253,0.76
71254,0.38
71262,0.91
71263,0.57
71271,0.18
71273,0.87
71274,0.82
71278,0.76
71279,0.76
71280,0.57
71286,0.27
71293,0.65
71301,0.09
71302,0.85
71303,0.76
71309,0.57
71312,0.72
71323,0.96
71326,0.13
71329,0.83
71341,0.14
71342,0.95
71346,0.32
71347,0.16
71351,0.23
71355,0.29
71357,0.61
71362,0.12
71365,0.61
71366,0.46
71373,0.15
71376,0.65
71379,0.8
71383,0.95
71385,0.42
71386,0.07
71387,0.02
71388,0.11
71391,0.83
71392,0.15
71397,0.77
71402,0.79
71406,0.58
71415,0.48
71418,0.62
71421,0.61
71430,0.48
71433,0.5
71440,0.32
71451,0.29
71456,0.58
71459,0.75
71462,0.14
71464,0.81
71472,0.91
71474,0.22
71479,0.77
71482,0.93
71493,0.96
71495,0.44
71498,0.61
71501,0.78
71509,0.7
71512,0.14
71513,0.45
71515,0.63
71518,0.45
71521,0.55
71522,0.43
71523,0.74
71534,0.28
71535,0.94
71537,0.61
71541,0.88
71544,0.51
71551,0.53
71552,0.87
71554,0.56
71560,0.82
71561,0.65
71562,0.21
71570,0.19
71571,0.32
71572,0.71
71580,0.24
71583,0.45
71600,0.72
71602,0.97
71603,0.56
71605,0.86
71611,0.04
71617,0.54
71618,0.6
71621,0.88
71624,0.07
71625,0.15
71631,0.47
71632,0.6
71634,0.14
71644,0.64
71645,0.21
71646,0.02
71647,0.53
71648,0.13
71649,0.35
71662,0.81
71666,0.81
71671,0.66
71674,0.09
71679,0.48
71691,0.64
71693,0.9
71695,0.56
71698,0.26
71701,0.74
71702,0.04
71708,0.7
71710,0.82
71713,0.56
71714,0.92
71719,0.14
71723,0.98
71726,0.75
71727,0.29
71729,0.19
71730,0.36
71743,0.02
71744,0.72
71745,0.4
71747,0.38
71749,0.25
71750,0.01
71752,0.22
71753,0.22
71754,0.84
71755,0.15
71759,0.08
71761,0.12
71764,0.27
71765,0.26
71768,0.5
71770,0.63
71772,0.51
71773,0.8
71774,0.37
71775,0.99
71781,0.64
71783,0.17
71788,0.62
71792,0.5
71804,0.08
71812,0.12
71818,0.39
71823,0.54
71825,0.78
71826,0.42
71829,0.43
71832,0.67
71833,0.32
71835,0.23
71836,0.35
71841,0.09
71845,0.99
71848,0.19
71850,0.74
71851,0.11
71857,0.61
71858,0.17
71862,0.93
71865,0.62
71866,0.83
71867,0.24
71875,0.11
71889,0.2
71894,0.24
71901,0.1
71903,0.63
71907,0.72
71910,0.49
71911,0.61
71913,0.88
71915,0.98
71920,0.95
71921,0.48
71922,0.13
71924,0.0
71925,0.8
71931,0.24
71932,0.58
71939,0.71
71945,0.68
71948,0.04
71950,0.98
71957,0.18
71958,0.22
71962,0.08
71965,0.93
71972,0.49
71981,0.15
71984,0.32
71986,0.01
71994,0.13
72002,0.0
72003,0.89
72005,0.57
72007,0.88
72011,0.15
72015,0.78
72017,0.89
72023,0.46
72029,0.43
72038,0.79
72039,0.13
72042,0.92
72044,0.23
72046,0.54
72048,0.14
72051,0.82
72055,0.71
72057,0.33
72058,0.01
72059,0.26
72060,0.73
72061,0.98
72079,0.86
72088,0.71
72091,0.91
72097,0.22
72107,0.67
72109,0.13
72112,0.62
72113,0.92
72114,0.64
72116,0.67
72119,0.62
72122,0.95
72125,0.96
72135,0.89
72138,0.8
72147,0.86
72149,0.63
72151,0.31
72152,0.78
72163,0.12
72164,0.65
72165,0.18
72172,0.23
72182,0.87
72200,0.1
72206,0.58
72209,0.85
72229,0.14
72230,0.09
72233,0.4
72239,0.26
72242,0.59
72246,0.72
72249,0.51
72252,0.27
72253,0.64
72255,0.16
72257,0.94
72260,0.43
72261,0.09
72263,0.62
72266,0.92
72267,0.81
72270,0.46
72273,0.37
72274,0.69
72276,0.75
72280,0.52
72289,0.77
72290,0.43
72293,0.73
72295,0.53
72297,0.19
72300,0.78
72309,0.3
72310,0.06
72311,0.57
72314,0.09
72315,0.09
72321,0.38
72326,0.27
72329,0.29
72341,0.36
72347,0.66
72349,0.42
72353,0.78
72360,0.84
72365,0.51
72370,0.55
72374,0.75
72375,0.67
72377,0.08
72380,0.91
72381,0.22
72393,0.62
72400,0.6
72405,0.39
72406,0.43
72411,0.85
72414,0.23
72422,0.5
72429,0.57
72430,0.89
72431,0.93
72432,0.32
72435,0.15
72436,0.21
72447,0.56
72448,0.61
72450,0.81
72457,0.7
72458,0.89
72461,0.71
72463,0.69
72464,0.29
72465,0.22
72467,0.31
72468,0.85
72471,0.56
72474,0.08
72476,0.3
72477,0.7
72479,0.08
72482,0.12
72485,0.57
72492,0.02
72495,0.34
72498,0.96
72499,0.2
72499,0.63
72502,0.94
72507,0.51
72511,0.33
72517,0.95
72518,0.34
72523,0.14
72527,0.95
72530,0.05
72537,0.84
72540,0.96
72543,0.31
72550,0.51
72553,0.82
72560,0.96
72562,0.27
72566,0.94
72567,0.84
72569,0.97
72576,0.63
72578,0.78
72581,0.77
72584,0.18
72587,0.14
72590,0.05
72594,0.72
72597,0.83
72599,0.97
72607,0.37
72611,0.25
72613,0.81
72615,0.91
72623,0.5
72626,0.72
72628,0.95
72629,0.52
72631,0.55
72633,0.58
72636,0.69
72641,0.77
72642,0.91
72643,0.57
72646,0.87
72648,0.12
72649,0.42
72654,0.75
72655,0.5
72659,0.18
72661,0.2
72663,0.9
72664,0.82
72668,0.23
72669,0.25
72670,0.44
72671,0.27
72674,0.81
72683,0.99
72684,0.28
72687,0.16
72688,0.67
72696,0.43
72699,0.6
72707,0.92
72708,0.67
72715,0.73
72719,0.24
72720,0.94
72721,0.66
72723,0.01
72724,0.88
72729,0.48
72739,0.69
72741,0.25
72742,0.71
72743,0.98
72745,0.26
72752,0.88
72756,0.17
72764,0.53
72776,0.0
72784,0.6
72786,0.02
72793,0.67
72797,0.4
72802,0.36
72811,0.5
72812,0.14
72813,0.07
72820,0.37
72821,0.82
72822,0.55
72828,0.46
72829,0.89
72831,0.09
72833,0.77
72837,0.48
72839,0.4
72840,0.82
72844,0.29
72846,0.04
72848,0.94
72849,0.7
72850,0.82
72853,0.3
72854,0.51
72855,0.87
72857,0.97
72858,0.22
72861,0.47
72865,0.39
72871,0.05
72872,0.37
72874,0.4
72880,0.99
72884,0.26
72887,0.74
72890,0.68
72902,0.56
72904,0.16
72905,0.7
72913,0.9
72917,0.46
72922,0.78
72925,0.12
72927,0.1
72928,0.89
72929,0.85
72934,0.91
72935,0.23
72942,0.92
72943,0.72
72950,0.03
72951,0.45
72954,0.17
72958,0.42
72964,0.79
72967,0.32
72968,0.92
72973,0.09
72974,0.72
72976,0.58
72980,0.3
72981,0.27
72982,0.59
72983,0.02
72984,0.54
72985,0.13
72986,0.57
72988,0.88
72990,0.14
72997,0.01
72999,0.23
73007,0.77
73010,0.63
73011,0.7
73013,0.99
73020,0.23
73021,0.26
73023,0.36
73030,0.93
73031,0.9
73032,0.38
73033,0.62
73035,0.78
73037,0.25
73038,0.64
73040,0.03
73046,0.28
73055,0.0
73056,0.49
73058,0.85
73062,0.1
73064,0.73
73065,0.58
73068,0.61
73072,0.8
73078,0.35
73079,0.55
73080,0.89
73082,0.2
73084,0.12
73089,0.08
73091,0.1
73095,0.74
73097,0.69
73098,0.0
73104,0.69
73108,0.76
73112,0.85
73114,0.55
73115,0.3
73118,0.85
73119,0.36
73126,0.46
73127,0.9
73129,0.77
73132,0.46
73136,0.68
73137,0.57
73141,0.35
73142,0.31
73149,0.97
73151,0.63
73152,0.7
73153,0.41
73154,0.47
73161,0.73
73162,0.8
73164,0.29
73168,0.2
73170,0.59
73176,0.12
73189,0.0
73193,0.64
73197,0.32
73199,0.37
73201,0.24
73203,0.25
73207,0.76
73208,0.58
73211,0.91
73218,0.32
73220,0.4
73225,0.29
73232,0.56
73235,0.48
73242,0.47
73243,0.71
73248,0.48
73250,0.46
73252,0.55
73253,0.64
73255,0.11
73257,0.68
73265,0.87
73273,0.05
73277,0.88
73289,0.64
73294,0.24
73300,0.0
73304,0.31
73311,0.02
73312,0.48
73313,0.18
73318,0.59
73319,0.28
73321,0.49
73322,0.01
73328,0.72
73334,0.55
73337,0.16
73339,0.59
73345,0.35
73346,0.6
73347,0.16
73353,0.48
73357,0.75
73358,0.59
73359,0.19
73361,0.49
73362,0.02
73363,0.42
73371,0.56
73372,0.49
73373,0.67
73380,0.8
73381,0.49
73388,0.36
73390,0.45
73392,0.41
73396,0.14
73398,0.32
73401,0.79
73403,0.1
73408,0.19
73409,0.23
73410,0.63
73415,0.79
73417,0.93
73422,0.97
73425,0.64
73428,0.87
73444,0.87
73447,0.72
73462,0.85
73465,0.75
73467,0.16
73472,0.88
73473,0.91
73476,0.6
73478,0.14
73481,0.93
73485,0.5
73488,0.26
73492,0.85
73495,0.73
73503,0.6
73517,0.57
73525,0.3
73526,0.9
73533,0.11
73538,0.45
73541,0.3
73543,0.31
73549,0.31
73554,0.98
73561,0.52
73562,0.6
73563,0.45
73571,0.84
73578,0.73
73579,0.79
73584,0.06
73586,0.03
73587,0.9
73589,0.51
73593,0.88
73595,0.3
73598,0.74
73603,0.83
73608,0.35
73611,0.53
73617,0.53
73618,0.16
73621,0.74
73623,0.29
73629,0.98
73634,0.21
73635,0.42
73649,0.26
73650,0.36
73652,0.45
73654,0.34
73657,0.03
73666,0.79
73667,0.79
73669,0.84
73672,0.25
73674,0.99
73677,0.18
73681,0.8
73682,0.44
73688,0.25
73689,0.21
73693,0.57
73694,0.62
73695,0.27
73702,0.64
73703,0.43
73707,0.99
73710,0.42
73711,0.36
73719,0.65
73725,0.16
73729,0.39
73734,0.37
73736,0.84
73737,0.6
73739,0.08
73742,0.76
73747,0.74
73748,0.6
73751,0.79
73752,0.15
73754,0.01
73755,0.71
73757,0.42
73759,0.41
73763,0.76
73765,0.56
73769,0.8
73771,0.87
73772,0.66
73773,0.29
73792,0.12
73793,0.18
73803,0.06
73807,0.08
73809,0.82
73813,0.53
73814,0.85
73816,0.81
73819,0.6
73822,0.86
73824,0.01
73831,0.49
73836,0.74
73840,0.3
73844,0.32
73848,0.77
73853,0.79
73860,0.1
73862,0.32
73863,0.06
73871,0.3
73882,0.47
73883,0.46
74060,0.77
74061,0.91
74063,0.52
74067,0.79
74072,0.18
74073,0.8
74074,0.89
74075,0.05
74079,0.48
74082,0.72
74084,0.49
74086,0.8
74088,0.94
74093,0.11
74097,0.22
74098,0.53
74102,0.68
74104,0.99
74106,0.58
74107,0.35
74110,0.02
74114,0.57
74116,0.87
74119,0.54
74126,0.56
74134,0.16
74136,0.38
74137,0.89
74138,0.67
74144,0.54
74145,0.44
74168,0.75
74182,0.0
74189,0.2
74192,0.82
74194,0.2
74200,0.51
74202,0.81
74204,0.42
74216,0.51
74224,0.66
74230,0.43
74231,0.31
74254,0.09
74255,0.63
74257,0.78
74259,0.68
74261,0.67
74262,0.27
74263,0.52
74266,0.5
74269,0.52
74273,0.03
74274,0.78
74282,0.16
74284,0.66
74285,0.73
74288,0.46
74290,0.55
74295,0.22
74304,0.17
74305,0.0
74306,0.34
74307,0.63
74312,0.57
74313,0.94
74314,0.58
74317,0.0
74320,0.02
74323,0.66
74324,0.36
74326,0.82
74327,0.28
74330,0.88
74332,0.32
74338,0.99
74340,0.6
74345,0.92
74348,0.89
74352,0.03
74358,0.13
74368,0.9
74370,0.32
74374,0.21
74376,0.47
74377,0.02
74384,0.86
74388,0.84
74391,0.22
74392,0.67
74394,0.2
74407,0.42
74408,0.94
74417,0.84
74418,0.25
74431,0.4
74433,0.98
74434,0.37
74438,0.87
74445,0.1
74449,0.28
74455,0.59
74460,0.66
74463,0.64
74466,0.6
74488,0.18
74493,0.45
74501,0.48
74502,0.21
74503,0.77
74504,0.56
74506,0.13
74508,0.43
74525,0.15
74535,0.96
74536,0.76
74550,0.11
74555,0.54
74557,0.5
74558,0.38
74560,0.32
74562,0.32
74563,0.28
74576,0.68
74578,0.69
74581,0.3
74582,0.79
74588,0.3
74590,0.88
74596,0.45
74597,0.96
74599,0.76
74600,0.51
74601,0.09
74609,0.87
74613,0.73
74628,0.4
74629,0.94
74635,0.76
74636,0.02
74638,0.58
74641,0.51
74644,0.33
74657,0.48
74658,0.27
74659,0.82
74660,0.86
74667,0.95
74675,0.12
74676,0.96
74677,0.97
74686,0.96
74688,0.68
74689,0.66
74693,0.6
74695,0.59
74697,0.7
74706,0.23
74712,0.62
74721,0.85
74729,0.6
74730,0.22
74738,0.29
74741,0.59
74750,0.17
74755,0.95
74756,0.55
74758,0.52
74761,0.06
74762,0.96
74765,0.68
74766,0.91
74769,0.71
74777,0.78
74778,0.51
74780,0.03
74783,0.33
74785,0.68
74795,0.32
74797,0.68
74799,0.37
74804,0.97
74805,0.25
74808,0.0
74810,0.03
74814,0.38
74824,0.53
74829,0.89
74830,0.32
74831,0.32
74834,0.71
74837,0.19
74838,0.15
74857,0.2
74860,0.44
74862,0.89
74871,0.86
74873,0.81
74878,0.61
74879,0.3
74880,0.41
74882,0.11
74883,0.64
74892,0.72
74905,0.02
74912,0.89
74914,0.08
74915,0.5
74917,0.15
74920,0.87
74923,0.77
74924,0.02
74929,0.97
74933,0.96
74934,0.23
74936,0.72
74938,0.12
74939,0.01
74940,0.7
74942,0.2
74943,0.18
74945,0.88
74953,0.46
74954,0.21
74956,0.74
74958,0.32
74959,0.31
74966,0.63
74970,0.84
74971,0.38
74973,0.83
74974,0.71
74975,0.41
74978,0.08
74979,0.24
74981,0.88
74990,0.96
74992,0.01
75006,0.18
75010,0.19
75012,0.92
75027,0.69
75028,0.16
75036,0.88
75042,0.67
75043,0.93
75044,0.83
75046,0.02
75047,0.86
75049,0.5
75052,0.81
75057,0.25
75062,0.55
75063,0.99
75066,0.63
75068,0.07
75069,0.8
75077,0.94
75080,0.36
75089,0.96
75092,0.26
75098,0.44
75101,0.03
75102,0.85
75103,0.89
75104,0.95
75109,0.87
75110,0.98
75112,0.36
75121,0.95
75125,0.7
75127,0.32
75130,0.3
75131,0.54
75133,0.11
75135,0.1
75136,0.87
75137,0.71
75138,0.31
75139,0.56
75140,0.37
75148,0.59
75150,0.85
75155,0.97
75161,0.18
75163,0.83
75164,0.55
75166,0.13
75175,0.32
75176,0.09
75179,0.79
75183,0.63
75185,0.63
75187,0.61
75188,0.67
75192,0.9
75194,0.91
75206,0.42
75208,0.79
75209,0.58
75215,0.51
75217,0.96
75220,0.18
75221,0.2
75222,0.21
75225,0.08
75229,0.08
75230,0.72
75233,0.26
75240,0.16
75248,0.43
75249,0.44
75252,0.07
75255,0.79
75258,0.17
75259,0.32
75262,0.0
75263,0.75
75264,0.05
75266,0.4
75268,0.54
75269,0.04
75271,0.58
75273,0.79
75275,0.17
75291,0.48
75296,0.81
75305,0.64
75307,0.82
75312,0.53
75314,0.6
75318,0.07
75319,0.02
75320,0.24
75321,0.68
75324,0.54
75325,0.39
75326,0.82
75333,0.81
75335,0.49
75338,0.94
75341,0.32
75342,0.17
75344,0.56
75345,0.15
75346,0.79
75348,0.37
75349,0.4
75353,0.06
75357,0.77
75362,0.52
75363,0.62
75365,0.88
75366,0.31
75382,0.37
75387,0.21
75388,0.15
75400,0.51
75402,0.28
75407,0.15
75408,0.75
75414,0.16
75416,0.63
75422,0.9
75430,0.88
75440,0.12
75443,0.71
75447,0.55
75452,0.04
75460,0.11
75462,0.4
75463,0.02
75465,0.98
75469,0.32
75485,0.85
75489,0.49
75493,0.55
75495,0.08
75496,0.81
75498,0.49
75502,0.28
75503,0.38
75508,0.9
75516,0.99
75520,0.44
75526,0.16
75529,0.55
75532,0.97
75535,0.45
75538,0.66
75544,0.68
75548,0.13
75556,0.66
75560,0.22
75563,0.93
75566,0.6
75567,0.22
75568,0.26
75570,0.53
75574,0.09
75579,0.88
75599,0.76
75603,0.15
75607,0.4
75608,0.97
75609,0.54
75610,0.6
75611,0.85
75613,0.8
75615,0.86
75624,0.99
75625,0.48
75626,0.72
75627,0.51
75629,0.01
75630,0.95
75632,0.49
75633,0.85
75635,0.42
75636,0.76
75637,0.07
75638,0.58
75650,0.64
75651,0.8
75653,0.11
75657,0.03
75664,0.76
75669,0.94
75671,0.4
75672,0.06
75677,0.86
75682,0.87
75686,0.68
75692,0.68
75698,0.8
75718,0.29
75727,0.72
75729,0.05
75731,0.88
75732,0.18
75736,0.79
75738,0.84
75741,0.65
75747,0.09
75750,0.15
75763,0.36
75765,0.78
75766,0.76
75767,0.76
75769,0.31
75775,0.46
75777,0.71
75778,0.42
75783,0.81
75789,0.35
75791,0.25
75795,0.09
75799,0.3
75802,0.96
75803,0.28
75814,0.04
75816,0.76
75823,0.0
75825,0.86
75826,0.02
75827,0.66
75830,0.7
75831,0.99
75832,0.34
75833,0.14
75835,0.66
75836,0.92
75837,0.29
75841,0.81
75843,0.74
75844,0.42
75847,0.59
75848,0.39
75850,0.64
75851,0.28
75853,0.73
75855,0.91
75856,0.94
75857,0.18
75859,0.02
75860,0.35
75861,0.42
